position,positionText,points,wins,constructor_constructorId,constructor_url,constructor_name,constructor_nationality,season,round
1,1,44,1,red_bull,http://en.wikipedia.org/wiki/Red_Bull_Racing,Red Bull,Austrian,2024,1
2,2,27,0,ferrari,http://en.wikipedia.org/wiki/Scuderia_Ferrari,Ferrari,Italian,2024,1
3,3,16,0,mercedes,http://en.wikipedia.org/wiki/Mercedes-Benz_in_Formula_One,Mercedes,German,2024,1
4,4,12,0,mclaren,http://en.wikipedia.org/wiki/McLaren,McLaren,British,2024,1
5,5,3,0,aston_martin,http://en.wikipedia.org/wiki/Aston_Martin_in_Formula_One,Aston Martin,British,2024,1
6,6,0,0,sauber,http://en.wikipedia.org/wiki/Sauber_Motorsport,Sauber,Swiss,2024,1
7,7,0,0,haas,http://en.wikipedia.org/wiki/Haas_F1_Team,Haas F1 Team,American,2024,1
8,8,0,0,rb,http://en.wikipedia.org/wiki/RB_Formula_One_Team,RB F1 Team,Italian,2024,1
9,9,0,0,williams,http://en.wikipedia.org/wiki/Williams_Grand_Prix_Engineering,Williams,British,2024,1
10,10,0,0,alpine,http://en.wikipedia.org/wiki/Alpine_F1_Team,Alpine F1 Team,French,2024,1
1,1,87,2,red_bull,http://en.wikipedia.org/wiki/Red_Bull_Racing,Red Bull,Austrian,2024,2
2,2,49,0,ferrari,http://en.wikipedia.org/wiki/Scuderia_Ferrari,Ferrari,Italian,2024,2
3,3,28,0,mclaren,http://en.wikipedia.org/wiki/McLaren,McLaren,British,2024,2
4,4,26,0,mercedes,http://en.wikipedia.org/wiki/Mercedes-Benz_in_Formula_One,Mercedes,German,2024,2
5,5,13,0,aston_martin,http://en.wikipedia.org/wiki/Aston_Martin_in_Formula_One,Aston Martin,British,2024,2
6,6,1,0,haas,http://en.wikipedia.org/wiki/Haas_F1_Team,Haas F1 Team,American,2024,2
7,7,0,0,williams,http://en.wikipedia.org/wiki/Williams_Grand_Prix_Engineering,Williams,British,2024,2
8,8,0,0,sauber,http://en.wikipedia.org/wiki/Sauber_Motorsport,Sauber,Swiss,2024,2
9,9,0,0,rb,http://en.wikipedia.org/wiki/RB_Formula_One_Team,RB F1 Team,Italian,2024,2
10,10,0,0,alpine,http://en.wikipedia.org/wiki/Alpine_F1_Team,Alpine F1 Team,French,2024,2
1,1,97,2,red_bull,http://en.wikipedia.org/wiki/Red_Bull_Racing,Red Bull,Austrian,2024,3
2,2,93,1,ferrari,http://en.wikipedia.org/wiki/Scuderia_Ferrari,Ferrari,Italian,2024,3
3,3,55,0,mclaren,http://en.wikipedia.org/wiki/McLaren,McLaren,British,2024,3
4,4,26,0,mercedes,http://en.wikipedia.org/wiki/Mercedes-Benz_in_Formula_One,Mercedes,German,2024,3
5,5,25,0,aston_martin,http://en.wikipedia.org/wiki/Aston_Martin_in_Formula_One,Aston Martin,British,2024,3
6,6,6,0,rb,http://en.wikipedia.org/wiki/RB_Formula_One_Team,RB F1 Team,Italian,2024,3
7,7,4,0,haas,http://en.wikipedia.org/wiki/Haas_F1_Team,Haas F1 Team,American,2024,3
8,8,0,0,williams,http://en.wikipedia.org/wiki/Williams_Grand_Prix_Engineering,Williams,British,2024,3
9,9,0,0,sauber,http://en.wikipedia.org/wiki/Sauber_Motorsport,Sauber,Swiss,2024,3
10,10,0,0,alpine,http://en.wikipedia.org/wiki/Alpine_F1_Team,Alpine F1 Team,French,2024,3
1,1,141,3,red_bull,http://en.wikipedia.org/wiki/Red_Bull_Racing,Red Bull,Austrian,2024,4
2,2,120,1,ferrari,http://en.wikipedia.org/wiki/Scuderia_Ferrari,Ferrari,Italian,2024,4
3,3,69,0,mclaren,http://en.wikipedia.org/wiki/McLaren,McLaren,British,2024,4
4,4,34,0,mercedes,http://en.wikipedia.org/wiki/Mercedes-Benz_in_Formula_One,Mercedes,German,2024,4
5,5,33,0,aston_martin,http://en.wikipedia.org/wiki/Aston_Martin_in_Formula_One,Aston Martin,British,2024,4
6,6,7,0,rb,http://en.wikipedia.org/wiki/RB_Formula_One_Team,RB F1 Team,Italian,2024,4
7,7,4,0,haas,http://en.wikipedia.org/wiki/Haas_F1_Team,Haas F1 Team,American,2024,4
8,8,0,0,williams,http://en.wikipedia.org/wiki/Williams_Grand_Prix_Engineering,Williams,British,2024,4
9,9,0,0,sauber,http://en.wikipedia.org/wiki/Sauber_Motorsport,Sauber,Swiss,2024,4
10,10,0,0,alpine,http://en.wikipedia.org/wiki/Alpine_F1_Team,Alpine F1 Team,French,2024,4
1,1,195,4,red_bull,http://en.wikipedia.org/wiki/Red_Bull_Racing,Red Bull,Austrian,2024,5
2,2,151,1,ferrari,http://en.wikipedia.org/wiki/Scuderia_Ferrari,Ferrari,Italian,2024,5
3,3,96,0,mclaren,http://en.wikipedia.org/wiki/McLaren,McLaren,British,2024,5
4,4,52,0,mercedes,http://en.wikipedia.org/wiki/Mercedes-Benz_in_Formula_One,Mercedes,German,2024,5
5,5,40,0,aston_martin,http://en.wikipedia.org/wiki/Aston_Martin_in_Formula_One,Aston Martin,British,2024,5
6,6,7,0,rb,http://en.wikipedia.org/wiki/RB_Formula_One_Team,RB F1 Team,Italian,2024,5
7,7,5,0,haas,http://en.wikipedia.org/wiki/Haas_F1_Team,Haas F1 Team,American,2024,5
8,8,0,0,williams,http://en.wikipedia.org/wiki/Williams_Grand_Prix_Engineering,Williams,British,2024,5
9,9,0,0,alpine,http://en.wikipedia.org/wiki/Alpine_F1_Team,Alpine F1 Team,French,2024,5
10,10,0,0,sauber,http://en.wikipedia.org/wiki/Sauber_Motorsport,Sauber,Swiss,2024,5
1,1,239,4,red_bull,http://en.wikipedia.org/wiki/Red_Bull_Racing,Red Bull,Austrian,2024,6
2,2,187,1,ferrari,http://en.wikipedia.org/wiki/Scuderia_Ferrari,Ferrari,Italian,2024,6
3,3,124,1,mclaren,http://en.wikipedia.org/wiki/McLaren,McLaren,British,2024,6
4,4,64,0,mercedes,http://en.wikipedia.org/wiki/Mercedes-Benz_in_Formula_One,Mercedes,German,2024,6
5,5,42,0,aston_martin,http://en.wikipedia.org/wiki/Aston_Martin_in_Formula_One,Aston Martin,British,2024,6
6,6,19,0,rb,http://en.wikipedia.org/wiki/RB_Formula_One_Team,RB F1 Team,Italian,2024,6
7,7,7,0,haas,http://en.wikipedia.org/wiki/Haas_F1_Team,Haas F1 Team,American,2024,6
8,8,1,0,alpine,http://en.wikipedia.org/wiki/Alpine_F1_Team,Alpine F1 Team,French,2024,6
9,9,0,0,williams,http://en.wikipedia.org/wiki/Williams_Grand_Prix_Engineering,Williams,British,2024,6
10,10,0,0,sauber,http://en.wikipedia.org/wiki/Sauber_Motorsport,Sauber,Swiss,2024,6
1,1,268,5,red_bull,http://en.wikipedia.org/wiki/Red_Bull_Racing,Red Bull,Austrian,2024,7
2,2,212,1,ferrari,http://en.wikipedia.org/wiki/Scuderia_Ferrari,Ferrari,Italian,2024,7
3,3,154,1,mclaren,http://en.wikipedia.org/wiki/McLaren,McLaren,British,2024,7
4,4,79,0,mercedes,http://en.wikipedia.org/wiki/Mercedes-Benz_in_Formula_One,Mercedes,German,2024,7
5,5,44,0,aston_martin,http://en.wikipedia.org/wiki/Aston_Martin_in_Formula_One,Aston Martin,British,2024,7
6,6,20,0,rb,http://en.wikipedia.org/wiki/RB_Formula_One_Team,RB F1 Team,Italian,2024,7
7,7,7,0,haas,http://en.wikipedia.org/wiki/Haas_F1_Team,Haas F1 Team,American,2024,7
8,8,1,0,alpine,http://en.wikipedia.org/wiki/Alpine_F1_Team,Alpine F1 Team,French,2024,7
9,9,0,0,williams,http://en.wikipedia.org/wiki/Williams_Grand_Prix_Engineering,Williams,British,2024,7
10,10,0,0,sauber,http://en.wikipedia.org/wiki/Sauber_Motorsport,Sauber,Swiss,2024,7
1,1,276,5,red_bull,http://en.wikipedia.org/wiki/Red_Bull_Racing,Red Bull,Austrian,2024,8
2,2,252,2,ferrari,http://en.wikipedia.org/wiki/Scuderia_Ferrari,Ferrari,Italian,2024,8
3,3,184,1,mclaren,http://en.wikipedia.org/wiki/McLaren,McLaren,British,2024,8
4,4,96,0,mercedes,http://en.wikipedia.org/wiki/Mercedes-Benz_in_Formula_One,Mercedes,German,2024,8
5,5,44,0,aston_martin,http://en.wikipedia.org/wiki/Aston_Martin_in_Formula_One,Aston Martin,British,2024,8
6,6,24,0,rb,http://en.wikipedia.org/wiki/RB_Formula_One_Team,RB F1 Team,Italian,2024,8
7,7,7,0,haas,http://en.wikipedia.org/wiki/Haas_F1_Team,Haas F1 Team,American,2024,8
8,8,2,0,williams,http://en.wikipedia.org/wiki/Williams_Grand_Prix_Engineering,Williams,British,2024,8
9,9,2,0,alpine,http://en.wikipedia.org/wiki/Alpine_F1_Team,Alpine F1 Team,French,2024,8
10,10,0,0,sauber,http://en.wikipedia.org/wiki/Sauber_Motorsport,Sauber,Swiss,2024,8
1,1,301,6,red_bull,http://en.wikipedia.org/wiki/Red_Bull_Racing,Red Bull,Austrian,2024,9
2,2,252,2,ferrari,http://en.wikipedia.org/wiki/Scuderia_Ferrari,Ferrari,Italian,2024,9
3,3,212,1,mclaren,http://en.wikipedia.org/wiki/McLaren,McLaren,British,2024,9
4,4,124,0,mercedes,http://en.wikipedia.org/wiki/Mercedes-Benz_in_Formula_One,Mercedes,German,2024,9
5,5,58,0,aston_martin,http://en.wikipedia.org/wiki/Aston_Martin_in_Formula_One,Aston Martin,British,2024,9
6,6,28,0,rb,http://en.wikipedia.org/wiki/RB_Formula_One_Team,RB F1 Team,Italian,2024,9
7,7,7,0,haas,http://en.wikipedia.org/wiki/Haas_F1_Team,Haas F1 Team,American,2024,9
8,8,5,0,alpine,http://en.wikipedia.org/wiki/Alpine_F1_Team,Alpine F1 Team,French,2024,9
9,9,2,0,williams,http://en.wikipedia.org/wiki/Williams_Grand_Prix_Engineering,Williams,British,2024,9
10,10,0,0,sauber,http://en.wikipedia.org/wiki/Sauber_Motorsport,Sauber,Swiss,2024,9
1,1,330,7,red_bull,http://en.wikipedia.org/wiki/Red_Bull_Racing,Red Bull,Austrian,2024,10
2,2,270,2,ferrari,http://en.wikipedia.org/wiki/Scuderia_Ferrari,Ferrari,Italian,2024,10
3,3,237,1,mclaren,http://en.wikipedia.org/wiki/McLaren,McLaren,British,2024,10
4,4,151,0,mercedes,http://en.wikipedia.org/wiki/Mercedes-Benz_in_Formula_One,Mercedes,German,2024,10
5,5,58,0,aston_martin,http://en.wikipedia.org/wiki/Aston_Martin_in_Formula_One,Aston Martin,British,2024,10
6,6,28,0,rb,http://en.wikipedia.org/wiki/RB_Formula_One_Team,RB F1 Team,Italian,2024,10
7,7,8,0,alpine,http://en.wikipedia.org/wiki/Alpine_F1_Team,Alpine F1 Team,French,2024,10
8,8,7,0,haas,http://en.wikipedia.org/wiki/Haas_F1_Team,Haas F1 Team,American,2024,10
9,9,2,0,williams,http://en.wikipedia.org/wiki/Williams_Grand_Prix_Engineering,Williams,British,2024,10
10,10,0,0,sauber,http://en.wikipedia.org/wiki/Sauber_Motorsport,Sauber,Swiss,2024,10
1,1,355,7,red_bull,http://en.wikipedia.org/wiki/Red_Bull_Racing,Red Bull,Austrian,2024,11
2,2,291,2,ferrari,http://en.wikipedia.org/wiki/Scuderia_Ferrari,Ferrari,Italian,2024,11
3,3,268,1,mclaren,http://en.wikipedia.org/wiki/McLaren,McLaren,British,2024,11
4,4,196,1,mercedes,http://en.wikipedia.org/wiki/Mercedes-Benz_in_Formula_One,Mercedes,German,2024,11
5,5,58,0,aston_martin,http://en.wikipedia.org/wiki/Aston_Martin_in_Formula_One,Aston Martin,British,2024,11
6,6,30,0,rb,http://en.wikipedia.org/wiki/RB_Formula_One_Team,RB F1 Team,Italian,2024,11
7,7,19,0,haas,http://en.wikipedia.org/wiki/Haas_F1_Team,Haas F1 Team,American,2024,11
8,8,9,0,alpine,http://en.wikipedia.org/wiki/Alpine_F1_Team,Alpine F1 Team,French,2024,11
9,9,2,0,williams,http://en.wikipedia.org/wiki/Williams_Grand_Prix_Engineering,Williams,British,2024,11
10,10,0,0,sauber,http://en.wikipedia.org/wiki/Sauber_Motorsport,Sauber,Swiss,2024,11
1,1,373,7,red_bull,http://en.wikipedia.org/wiki/Red_Bull_Racing,Red Bull,Austrian,2024,12
2,2,302,2,ferrari,http://en.wikipedia.org/wiki/Scuderia_Ferrari,Ferrari,Italian,2024,12
3,3,295,1,mclaren,http://en.wikipedia.org/wiki/McLaren,McLaren,British,2024,12
4,4,221,2,mercedes,http://en.wikipedia.org/wiki/Mercedes-Benz_in_Formula_One,Mercedes,German,2024,12
5,5,68,0,aston_martin,http://en.wikipedia.org/wiki/Aston_Martin_in_Formula_One,Aston Martin,British,2024,12
6,6,31,0,rb,http://en.wikipedia.org/wiki/RB_Formula_One_Team,RB F1 Team,Italian,2024,12
7,7,27,0,haas,http://en.wikipedia.org/wiki/Haas_F1_Team,Haas F1 Team,American,2024,12
8,8,9,0,alpine,http://en.wikipedia.org/wiki/Alpine_F1_Team,Alpine F1 Team,French,2024,12
9,9,4,0,williams,http://en.wikipedia.org/wiki/Williams_Grand_Prix_Engineering,Williams,British,2024,12
10,10,0,0,sauber,http://en.wikipedia.org/wiki/Sauber_Motorsport,Sauber,Swiss,2024,12
1,1,389,7,red_bull,http://en.wikipedia.org/wiki/Red_Bull_Racing,Red Bull,Austrian,2024,13
2,2,338,2,mclaren,http://en.wikipedia.org/wiki/McLaren,McLaren,British,2024,13
3,3,322,2,ferrari,http://en.wikipedia.org/wiki/Scuderia_Ferrari,Ferrari,Italian,2024,13
4,4,241,2,mercedes,http://en.wikipedia.org/wiki/Mercedes-Benz_in_Formula_One,Mercedes,German,2024,13
5,5,69,0,aston_martin,http://en.wikipedia.org/wiki/Aston_Martin_in_Formula_One,Aston Martin,British,2024,13
6,6,33,0,rb,http://en.wikipedia.org/wiki/RB_Formula_One_Team,RB F1 Team,Italian,2024,13
7,7,27,0,haas,http://en.wikipedia.org/wiki/Haas_F1_Team,Haas F1 Team,American,2024,13
8,8,9,0,alpine,http://en.wikipedia.org/wiki/Alpine_F1_Team,Alpine F1 Team,French,2024,13
9,9,4,0,williams,http://en.wikipedia.org/wiki/Williams_Grand_Prix_Engineering,Williams,British,2024,13
10,10,0,0,sauber,http://en.wikipedia.org/wiki/Sauber_Motorsport,Sauber,Swiss,2024,13
1,1,408,7,red_bull,http://en.wikipedia.org/wiki/Red_Bull_Racing,Red Bull,Austrian,2024,14
2,2,366,2,mclaren,http://en.wikipedia.org/wiki/McLaren,McLaren,British,2024,14
3,3,345,2,ferrari,http://en.wikipedia.org/wiki/Scuderia_Ferrari,Ferrari,Italian,2024,14
4,4,266,3,mercedes,http://en.wikipedia.org/wiki/Mercedes-Benz_in_Formula_One,Mercedes,German,2024,14
5,5,73,0,aston_martin,http://en.wikipedia.org/wiki/Aston_Martin_in_Formula_One,Aston Martin,British,2024,14
6,6,34,0,rb,http://en.wikipedia.org/wiki/RB_Formula_One_Team,RB F1 Team,Italian,2024,14
7,7,27,0,haas,http://en.wikipedia.org/wiki/Haas_F1_Team,Haas F1 Team,American,2024,14
8,8,11,0,alpine,http://en.wikipedia.org/wiki/Alpine_F1_Team,Alpine F1 Team,French,2024,14
9,9,4,0,williams,http://en.wikipedia.org/wiki/Williams_Grand_Prix_Engineering,Williams,British,2024,14
10,10,0,0,sauber,http://en.wikipedia.org/wiki/Sauber_Motorsport,Sauber,Swiss,2024,14
1,1,434,7,red_bull,http://en.wikipedia.org/wiki/Red_Bull_Racing,Red Bull,Austrian,2024,15
2,2,404,3,mclaren,http://en.wikipedia.org/wiki/McLaren,McLaren,British,2024,15
3,3,370,2,ferrari,http://en.wikipedia.org/wiki/Scuderia_Ferrari,Ferrari,Italian,2024,15
4,4,276,3,mercedes,http://en.wikipedia.org/wiki/Mercedes-Benz_in_Formula_One,Mercedes,German,2024,15
5,5,74,0,aston_martin,http://en.wikipedia.org/wiki/Aston_Martin_in_Formula_One,Aston Martin,British,2024,15
6,6,34,0,rb,http://en.wikipedia.org/wiki/RB_Formula_One_Team,RB F1 Team,Italian,2024,15
7,7,27,0,haas,http://en.wikipedia.org/wiki/Haas_F1_Team,Haas F1 Team,American,2024,15
8,8,13,0,alpine,http://en.wikipedia.org/wiki/Alpine_F1_Team,Alpine F1 Team,French,2024,15
9,9,4,0,williams,http://en.wikipedia.org/wiki/Williams_Grand_Prix_Engineering,Williams,British,2024,15
10,10,0,0,sauber,http://en.wikipedia.org/wiki/Sauber_Motorsport,Sauber,Swiss,2024,15
1,1,446,7,red_bull,http://en.wikipedia.org/wiki/Red_Bull_Racing,Red Bull,Austrian,2024,16
2,2,438,3,mclaren,http://en.wikipedia.org/wiki/McLaren,McLaren,British,2024,16
3,3,407,3,ferrari,http://en.wikipedia.org/wiki/Scuderia_Ferrari,Ferrari,Italian,2024,16
4,4,292,3,mercedes,http://en.wikipedia.org/wiki/Mercedes-Benz_in_Formula_One,Mercedes,German,2024,16
5,5,74,0,aston_martin,http://en.wikipedia.org/wiki/Aston_Martin_in_Formula_One,Aston Martin,British,2024,16
6,6,34,0,rb,http://en.wikipedia.org/wiki/RB_Formula_One_Team,RB F1 Team,Italian,2024,16
7,7,28,0,haas,http://en.wikipedia.org/wiki/Haas_F1_Team,Haas F1 Team,American,2024,16
8,8,13,0,alpine,http://en.wikipedia.org/wiki/Alpine_F1_Team,Alpine F1 Team,French,2024,16
9,9,6,0,williams,http://en.wikipedia.org/wiki/Williams_Grand_Prix_Engineering,Williams,British,2024,16
10,10,0,0,sauber,http://en.wikipedia.org/wiki/Sauber_Motorsport,Sauber,Swiss,2024,16
1,1,476,4,mclaren,http://en.wikipedia.org/wiki/McLaren,McLaren,British,2024,17
2,2,456,7,red_bull,http://en.wikipedia.org/wiki/Red_Bull_Racing,Red Bull,Austrian,2024,17
3,3,425,3,ferrari,http://en.wikipedia.org/wiki/Scuderia_Ferrari,Ferrari,Italian,2024,17
4,4,309,3,mercedes,http://en.wikipedia.org/wiki/Mercedes-Benz_in_Formula_One,Mercedes,German,2024,17
5,5,82,0,aston_martin,http://en.wikipedia.org/wiki/Aston_Martin_in_Formula_One,Aston Martin,British,2024,17
6,6,34,0,rb,http://en.wikipedia.org/wiki/RB_Formula_One_Team,RB F1 Team,Italian,2024,17
7,7,29,0,haas,http://en.wikipedia.org/wiki/Haas_F1_Team,Haas F1 Team,American,2024,17
8,8,16,0,williams,http://en.wikipedia.org/wiki/Williams_Grand_Prix_Engineering,Williams,British,2024,17
9,9,13,0,alpine,http://en.wikipedia.org/wiki/Alpine_F1_Team,Alpine F1 Team,French,2024,17
10,10,0,0,sauber,http://en.wikipedia.org/wiki/Sauber_Motorsport,Sauber,Swiss,2024,17
1,1,516,5,mclaren,http://en.wikipedia.org/wiki/McLaren,McLaren,British,2024,18
2,2,475,7,red_bull,http://en.wikipedia.org/wiki/Red_Bull_Racing,Red Bull,Austrian,2024,18
3,3,441,3,ferrari,http://en.wikipedia.org/wiki/Scuderia_Ferrari,Ferrari,Italian,2024,18
4,4,329,3,mercedes,http://en.wikipedia.org/wiki/Mercedes-Benz_in_Formula_One,Mercedes,German,2024,18
5,5,86,0,aston_martin,http://en.wikipedia.org/wiki/Aston_Martin_in_Formula_One,Aston Martin,British,2024,18
6,6,34,0,rb,http://en.wikipedia.org/wiki/RB_Formula_One_Team,RB F1 Team,Italian,2024,18
7,7,31,0,haas,http://en.wikipedia.org/wiki/Haas_F1_Team,Haas F1 Team,American,2024,18
8,8,16,0,williams,http://en.wikipedia.org/wiki/Williams_Grand_Prix_Engineering,Williams,British,2024,18
9,9,13,0,alpine,http://en.wikipedia.org/wiki/Alpine_F1_Team,Alpine F1 Team,French,2024,18
10,10,0,0,sauber,http://en.wikipedia.org/wiki/Sauber_Motorsport,Sauber,Swiss,2024,18
1,1,544,5,mclaren,http://en.wikipedia.org/wiki/McLaren,McLaren,British,2024,19
2,2,504,7,red_bull,http://en.wikipedia.org/wiki/Red_Bull_Racing,Red Bull,Austrian,2024,19
3,3,496,4,ferrari,http://en.wikipedia.org/wiki/Scuderia_Ferrari,Ferrari,Italian,2024,19
4,4,344,3,mercedes,http://en.wikipedia.org/wiki/Mercedes-Benz_in_Formula_One,Mercedes,German,2024,19
5,5,86,0,aston_martin,http://en.wikipedia.org/wiki/Aston_Martin_in_Formula_One,Aston Martin,British,2024,19
6,6,38,0,haas,http://en.wikipedia.org/wiki/Haas_F1_Team,Haas F1 Team,American,2024,19
7,7,36,0,rb,http://en.wikipedia.org/wiki/RB_Formula_One_Team,RB F1 Team,Italian,2024,19
8,8,17,0,williams,http://en.wikipedia.org/wiki/Williams_Grand_Prix_Engineering,Williams,British,2024,19
9,9,13,0,alpine,http://en.wikipedia.org/wiki/Alpine_F1_Team,Alpine F1 Team,French,2024,19
10,10,0,0,sauber,http://en.wikipedia.org/wiki/Sauber_Motorsport,Sauber,Swiss,2024,19
1,1,566,5,mclaren,http://en.wikipedia.org/wiki/McLaren,McLaren,British,2024,20
2,2,537,5,ferrari,http://en.wikipedia.org/wiki/Scuderia_Ferrari,Ferrari,Italian,2024,20
3,3,512,7,red_bull,http://en.wikipedia.org/wiki/Red_Bull_Racing,Red Bull,Austrian,2024,20
4,4,366,3,mercedes,http://en.wikipedia.org/wiki/Mercedes-Benz_in_Formula_One,Mercedes,German,2024,20
5,5,86,0,aston_martin,http://en.wikipedia.org/wiki/Aston_Martin_in_Formula_One,Aston Martin,British,2024,20
6,6,46,0,haas,http://en.wikipedia.org/wiki/Haas_F1_Team,Haas F1 Team,American,2024,20
7,7,36,0,rb,http://en.wikipedia.org/wiki/RB_Formula_One_Team,RB F1 Team,Italian,2024,20
8,8,17,0,williams,http://en.wikipedia.org/wiki/Williams_Grand_Prix_Engineering,Williams,British,2024,20
9,9,14,0,alpine,http://en.wikipedia.org/wiki/Alpine_F1_Team,Alpine F1 Team,French,2024,20
10,10,0,0,sauber,http://en.wikipedia.org/wiki/Sauber_Motorsport,Sauber,Swiss,2024,20
1,1,593,5,mclaren,http://en.wikipedia.org/wiki/McLaren,McLaren,British,2024,21
2,2,557,5,ferrari,http://en.wikipedia.org/wiki/Scuderia_Ferrari,Ferrari,Italian,2024,21
3,3,544,8,red_bull,http://en.wikipedia.org/wiki/Red_Bull_Racing,Red Bull,Austrian,2024,21
4,4,382,3,mercedes,http://en.wikipedia.org/wiki/Mercedes-Benz_in_Formula_One,Mercedes,German,2024,21
5,5,86,0,aston_martin,http://en.wikipedia.org/wiki/Aston_Martin_in_Formula_One,Aston Martin,British,2024,21
6,6,49,0,alpine,http://en.wikipedia.org/wiki/Alpine_F1_Team,Alpine F1 Team,French,2024,21
7,7,46,0,haas,http://en.wikipedia.org/wiki/Haas_F1_Team,Haas F1 Team,American,2024,21
8,8,44,0,rb,http://en.wikipedia.org/wiki/RB_Formula_One_Team,RB F1 Team,Italian,2024,21
9,9,17,0,williams,http://en.wikipedia.org/wiki/Williams_Grand_Prix_Engineering,Williams,British,2024,21
10,10,0,0,sauber,http://en.wikipedia.org/wiki/Sauber_Motorsport,Sauber,Swiss,2024,21
1,1,608,5,mclaren,http://en.wikipedia.org/wiki/McLaren,McLaren,British,2024,22
2,2,584,5,ferrari,http://en.wikipedia.org/wiki/Scuderia_Ferrari,Ferrari,Italian,2024,22
3,3,555,8,red_bull,http://en.wikipedia.org/wiki/Red_Bull_Racing,Red Bull,Austrian,2024,22
4,4,425,4,mercedes,http://en.wikipedia.org/wiki/Mercedes-Benz_in_Formula_One,Mercedes,German,2024,22
5,5,86,0,aston_martin,http://en.wikipedia.org/wiki/Aston_Martin_in_Formula_One,Aston Martin,British,2024,22
6,6,50,0,haas,http://en.wikipedia.org/wiki/Haas_F1_Team,Haas F1 Team,American,2024,22
7,7,49,0,alpine,http://en.wikipedia.org/wiki/Alpine_F1_Team,Alpine F1 Team,French,2024,22
8,8,46,0,rb,http://en.wikipedia.org/wiki/RB_Formula_One_Team,RB F1 Team,Italian,2024,22
9,9,17,0,williams,http://en.wikipedia.org/wiki/Williams_Grand_Prix_Engineering,Williams,British,2024,22
10,10,0,0,sauber,http://en.wikipedia.org/wiki/Sauber_Motorsport,Sauber,Swiss,2024,22
1,1,640,5,mclaren,http://en.wikipedia.org/wiki/McLaren,McLaren,British,2024,23
2,2,619,5,ferrari,http://en.wikipedia.org/wiki/Scuderia_Ferrari,Ferrari,Italian,2024,23
3,3,581,9,red_bull,http://en.wikipedia.org/wiki/Red_Bull_Racing,Red Bull,Austrian,2024,23
4,4,446,4,mercedes,http://en.wikipedia.org/wiki/Mercedes-Benz_in_Formula_One,Mercedes,German,2024,23
5,5,92,0,aston_martin,http://en.wikipedia.org/wiki/Aston_Martin_in_Formula_One,Aston Martin,British,2024,23
6,6,59,0,alpine,http://en.wikipedia.org/wiki/Alpine_F1_Team,Alpine F1 Team,French,2024,23
7,7,54,0,haas,http://en.wikipedia.org/wiki/Haas_F1_Team,Haas F1 Team,American,2024,23
8,8,46,0,rb,http://en.wikipedia.org/wiki/RB_Formula_One_Team,RB F1 Team,Italian,2024,23
9,9,17,0,williams,http://en.wikipedia.org/wiki/Williams_Grand_Prix_Engineering,Williams,British,2024,23
10,10,4,0,sauber,http://en.wikipedia.org/wiki/Sauber_Motorsport,Sauber,Swiss,2024,23
1,1,666,6,mclaren,http://en.wikipedia.org/wiki/McLaren,McLaren,British,2024,24
2,2,652,5,ferrari,http://en.wikipedia.org/wiki/Scuderia_Ferrari,Ferrari,Italian,2024,24
3,3,589,9,red_bull,http://en.wikipedia.org/wiki/Red_Bull_Racing,Red Bull,Austrian,2024,24
4,4,468,4,mercedes,http://en.wikipedia.org/wiki/Mercedes-Benz_in_Formula_One,Mercedes,German,2024,24
5,5,94,0,aston_martin,http://en.wikipedia.org/wiki/Aston_Martin_in_Formula_One,Aston Martin,British,2024,24
6,6,65,0,alpine,http://en.wikipedia.org/wiki/Alpine_F1_Team,Alpine F1 Team,French,2024,24
7,7,58,0,haas,http://en.wikipedia.org/wiki/Haas_F1_Team,Haas F1 Team,American,2024,24
8,8,46,0,rb,http://en.wikipedia.org/wiki/RB_Formula_One_Team,RB F1 Team,Italian,2024,24
9,9,17,0,williams,http://en.wikipedia.org/wiki/Williams_Grand_Prix_Engineering,Williams,British,2024,24
10,10,4,0,sauber,http://en.wikipedia.org/wiki/Sauber_Motorsport,Sauber,Swiss,2024,24
1,1,27,1,mclaren,http://en.wikipedia.org/wiki/McLaren,McLaren,British,2025,1
2,2,27,0,mercedes,http://en.wikipedia.org/wiki/Mercedes-Benz_in_Formula_One,Mercedes,German,2025,1
3,3,18,0,red_bull,http://en.wikipedia.org/wiki/Red_Bull_Racing,Red Bull,Austrian,2025,1
4,4,10,0,williams,http://en.wikipedia.org/wiki/Williams_Grand_Prix_Engineering,Williams,British,2025,1
5,5,8,0,aston_martin,http://en.wikipedia.org/wiki/Aston_Martin_in_Formula_One,Aston Martin,British,2025,1
6,6,6,0,sauber,http://en.wikipedia.org/wiki/Sauber_Motorsport,Sauber,Swiss,2025,1
7,7,5,0,ferrari,http://en.wikipedia.org/wiki/Scuderia_Ferrari,Ferrari,Italian,2025,1
8,8,0,0,alpine,http://en.wikipedia.org/wiki/Alpine_F1_Team,Alpine F1 Team,French,2025,1
9,9,0,0,rb,http://en.wikipedia.org/wiki/RB_Formula_One_Team,RB F1 Team,Italian,2025,1
10,10,0,0,haas,http://en.wikipedia.org/wiki/Haas_F1_Team,Haas F1 Team,American,2025,1
1,1,78,2,mclaren,http://en.wikipedia.org/wiki/McLaren,McLaren,British,2025,2
2,2,57,0,mercedes,http://en.wikipedia.org/wiki/Mercedes-Benz_in_Formula_One,Mercedes,German,2025,2
3,3,36,0,red_bull,http://en.wikipedia.org/wiki/Red_Bull_Racing,Red Bull,Austrian,2025,2
4,4,17,0,williams,http://en.wikipedia.org/wiki/Williams_Grand_Prix_Engineering,Williams,British,2025,2
5,5,17,0,ferrari,http://en.wikipedia.org/wiki/Scuderia_Ferrari,Ferrari,Italian,2025,2
6,6,14,0,haas,http://en.wikipedia.org/wiki/Haas_F1_Team,Haas F1 Team,American,2025,2
7,7,10,0,aston_martin,http://en.wikipedia.org/wiki/Aston_Martin_in_Formula_One,Aston Martin,British,2025,2
8,8,6,0,sauber,http://en.wikipedia.org/wiki/Sauber_Motorsport,Sauber,Swiss,2025,2
9,9,3,0,rb,http://en.wikipedia.org/wiki/RB_Formula_One_Team,RB F1 Team,Italian,2025,2
10,10,0,0,alpine,http://en.wikipedia.org/wiki/Alpine_F1_Team,Alpine F1 Team,French,2025,2
1,1,111,2,mclaren,http://en.wikipedia.org/wiki/McLaren,McLaren,British,2025,3
2,2,75,0,mercedes,http://en.wikipedia.org/wiki/Mercedes-Benz_in_Formula_One,Mercedes,German,2025,3
3,3,61,1,red_bull,http://en.wikipedia.org/wiki/Red_Bull_Racing,Red Bull,Austrian,2025,3
4,4,35,0,ferrari,http://en.wikipedia.org/wiki/Scuderia_Ferrari,Ferrari,Italian,2025,3
5,5,19,0,williams,http://en.wikipedia.org/wiki/Williams_Grand_Prix_Engineering,Williams,British,2025,3
6,6,15,0,haas,http://en.wikipedia.org/wiki/Haas_F1_Team,Haas F1 Team,American,2025,3
7,7,10,0,aston_martin,http://en.wikipedia.org/wiki/Aston_Martin_in_Formula_One,Aston Martin,British,2025,3
8,8,7,0,rb,http://en.wikipedia.org/wiki/RB_Formula_One_Team,RB F1 Team,Italian,2025,3
9,9,6,0,sauber,http://en.wikipedia.org/wiki/Sauber_Motorsport,Sauber,Swiss,2025,3
10,10,0,0,alpine,http://en.wikipedia.org/wiki/Alpine_F1_Team,Alpine F1 Team,French,2025,3
1,1,151,3,mclaren,http://en.wikipedia.org/wiki/McLaren,McLaren,British,2025,4
2,2,93,0,mercedes,http://en.wikipedia.org/wiki/Mercedes-Benz_in_Formula_One,Mercedes,German,2025,4
3,3,71,1,red_bull,http://en.wikipedia.org/wiki/Red_Bull_Racing,Red Bull,Austrian,2025,4
4,4,57,0,ferrari,http://en.wikipedia.org/wiki/Scuderia_Ferrari,Ferrari,Italian,2025,4
5,5,20,0,haas,http://en.wikipedia.org/wiki/Haas_F1_Team,Haas F1 Team,American,2025,4
6,6,19,0,williams,http://en.wikipedia.org/wiki/Williams_Grand_Prix_Engineering,Williams,British,2025,4
7,7,10,0,aston_martin,http://en.wikipedia.org/wiki/Aston_Martin_in_Formula_One,Aston Martin,British,2025,4
8,8,7,0,rb,http://en.wikipedia.org/wiki/RB_Formula_One_Team,RB F1 Team,Italian,2025,4
9,9,6,0,alpine,http://en.wikipedia.org/wiki/Alpine_F1_Team,Alpine F1 Team,French,2025,4
10,10,6,0,sauber,http://en.wikipedia.org/wiki/Sauber_Motorsport,Sauber,Swiss,2025,4
1,1,188,4,mclaren,http://en.wikipedia.org/wiki/McLaren,McLaren,British,2025,5
2,2,111,0,mercedes,http://en.wikipedia.org/wiki/Mercedes-Benz_in_Formula_One,Mercedes,German,2025,5
3,3,89,1,red_bull,http://en.wikipedia.org/wiki/Red_Bull_Racing,Red Bull,Austrian,2025,5
4,4,78,0,ferrari,http://en.wikipedia.org/wiki/Scuderia_Ferrari,Ferrari,Italian,2025,5
5,5,25,0,williams,http://en.wikipedia.org/wiki/Williams_Grand_Prix_Engineering,Williams,British,2025,5
6,6,20,0,haas,http://en.wikipedia.org/wiki/Haas_F1_Team,Haas F1 Team,American,2025,5
7,7,10,0,aston_martin,http://en.wikipedia.org/wiki/Aston_Martin_in_Formula_One,Aston Martin,British,2025,5
8,8,8,0,rb,http://en.wikipedia.org/wiki/RB_Formula_One_Team,RB F1 Team,Italian,2025,5
9,9,6,0,alpine,http://en.wikipedia.org/wiki/Alpine_F1_Team,Alpine F1 Team,French,2025,5
10,10,6,0,sauber,http://en.wikipedia.org/wiki/Sauber_Motorsport,Sauber,Swiss,2025,5
1,1,246,5,mclaren,http://en.wikipedia.org/wiki/McLaren,McLaren,British,2025,6
2,2,141,0,mercedes,http://en.wikipedia.org/wiki/Mercedes-Benz_in_Formula_One,Mercedes,German,2025,6
3,3,105,1,red_bull,http://en.wikipedia.org/wiki/Red_Bull_Racing,Red Bull,Austrian,2025,6
4,4,94,0,ferrari,http://en.wikipedia.org/wiki/Scuderia_Ferrari,Ferrari,Italian,2025,6
5,5,37,0,williams,http://en.wikipedia.org/wiki/Williams_Grand_Prix_Engineering,Williams,British,2025,6
6,6,20,0,haas,http://en.wikipedia.org/wiki/Haas_F1_Team,Haas F1 Team,American,2025,6
7,7,14,0,aston_martin,http://en.wikipedia.org/wiki/Aston_Martin_in_Formula_One,Aston Martin,British,2025,6
8,8,8,0,rb,http://en.wikipedia.org/wiki/RB_Formula_One_Team,RB F1 Team,Italian,2025,6
9,9,7,0,alpine,http://en.wikipedia.org/wiki/Alpine_F1_Team,Alpine F1 Team,French,2025,6
10,10,6,0,sauber,http://en.wikipedia.org/wiki/Sauber_Motorsport,Sauber,Swiss,2025,6
1,1,279,5,mclaren,http://en.wikipedia.org/wiki/McLaren,McLaren,British,2025,7
2,2,147,0,mercedes,http://en.wikipedia.org/wiki/Mercedes-Benz_in_Formula_One,Mercedes,German,2025,7
3,3,131,2,red_bull,http://en.wikipedia.org/wiki/Red_Bull_Racing,Red Bull,Austrian,2025,7
4,4,114,0,ferrari,http://en.wikipedia.org/wiki/Scuderia_Ferrari,Ferrari,Italian,2025,7
5,5,51,0,williams,http://en.wikipedia.org/wiki/Williams_Grand_Prix_Engineering,Williams,British,2025,7
6,6,20,0,haas,http://en.wikipedia.org/wiki/Haas_F1_Team,Haas F1 Team,American,2025,7
7,7,14,0,aston_martin,http://en.wikipedia.org/wiki/Aston_Martin_in_Formula_One,Aston Martin,British,2025,7
8,8,10,0,rb,http://en.wikipedia.org/wiki/RB_Formula_One_Team,RB F1 Team,Italian,2025,7
9,9,7,0,alpine,http://en.wikipedia.org/wiki/Alpine_F1_Team,Alpine F1 Team,French,2025,7
10,10,6,0,sauber,http://en.wikipedia.org/wiki/Sauber_Motorsport,Sauber,Swiss,2025,7
1,1,319,6,mclaren,http://en.wikipedia.org/wiki/McLaren,McLaren,British,2025,8
2,2,147,0,mercedes,http://en.wikipedia.org/wiki/Mercedes-Benz_in_Formula_One,Mercedes,German,2025,8
3,3,143,2,red_bull,http://en.wikipedia.org/wiki/Red_Bull_Racing,Red Bull,Austrian,2025,8
4,4,142,0,ferrari,http://en.wikipedia.org/wiki/Scuderia_Ferrari,Ferrari,Italian,2025,8
5,5,54,0,williams,http://en.wikipedia.org/wiki/Williams_Grand_Prix_Engineering,Williams,British,2025,8
6,6,26,0,haas,http://en.wikipedia.org/wiki/Haas_F1_Team,Haas F1 Team,American,2025,8
7,7,22,0,rb,http://en.wikipedia.org/wiki/RB_Formula_One_Team,RB F1 Team,Italian,2025,8
8,8,14,0,aston_martin,http://en.wikipedia.org/wiki/Aston_Martin_in_Formula_One,Aston Martin,British,2025,8
9,9,7,0,alpine,http://en.wikipedia.org/wiki/Alpine_F1_Team,Alpine F1 Team,French,2025,8
10,10,6,0,sauber,http://en.wikipedia.org/wiki/Sauber_Motorsport,Sauber,Swiss,2025,8
1,1,362,7,mclaren,http://en.wikipedia.org/wiki/McLaren,McLaren,British,2025,9
2,2,165,0,ferrari,http://en.wikipedia.org/wiki/Scuderia_Ferrari,Ferrari,Italian,2025,9
3,3,159,0,mercedes,http://en.wikipedia.org/wiki/Mercedes-Benz_in_Formula_One,Mercedes,German,2025,9
4,4,144,2,red_bull,http://en.wikipedia.org/wiki/Red_Bull_Racing,Red Bull,Austrian,2025,9
5,5,54,0,williams,http://en.wikipedia.org/wiki/Williams_Grand_Prix_Engineering,Williams,British,2025,9
6,6,28,0,rb,http://en.wikipedia.org/wiki/RB_Formula_One_Team,RB F1 Team,Italian,2025,9
7,7,26,0,haas,http://en.wikipedia.org/wiki/Haas_F1_Team,Haas F1 Team,American,2025,9
8,8,16,0,sauber,http://en.wikipedia.org/wiki/Sauber_Motorsport,Sauber,Swiss,2025,9
9,9,16,0,aston_martin,http://en.wikipedia.org/wiki/Aston_Martin_in_Formula_One,Aston Martin,British,2025,9
10,10,11,0,alpine,http://en.wikipedia.org/wiki/Alpine_F1_Team,Alpine F1 Team,French,2025,9
1,1,374,7,mclaren,http://en.wikipedia.org/wiki/McLaren,McLaren,British,2025,10
2,2,199,1,mercedes,http://en.wikipedia.org/wiki/Mercedes-Benz_in_Formula_One,Mercedes,German,2025,10
3,3,183,0,ferrari,http://en.wikipedia.org/wiki/Scuderia_Ferrari,Ferrari,Italian,2025,10
4,4,162,2,red_bull,http://en.wikipedia.org/wiki/Red_Bull_Racing,Red Bull,Austrian,2025,10
5,5,55,0,williams,http://en.wikipedia.org/wiki/Williams_Grand_Prix_Engineering,Williams,British,2025,10
6,6,28,0,haas,http://en.wikipedia.org/wiki/Haas_F1_Team,Haas F1 Team,American,2025,10
7,7,28,0,rb,http://en.wikipedia.org/wiki/RB_Formula_One_Team,RB F1 Team,Italian,2025,10
8,8,22,0,aston_martin,http://en.wikipedia.org/wiki/Aston_Martin_in_Formula_One,Aston Martin,British,2025,10
9,9,20,0,sauber,http://en.wikipedia.org/wiki/Sauber_Motorsport,Sauber,Swiss,2025,10
10,10,11,0,alpine,http://en.wikipedia.org/wiki/Alpine_F1_Team,Alpine F1 Team,French,2025,10
1,1,417,8,mclaren,http://en.wikipedia.org/wiki/McLaren,McLaren,British,2025,11
2,2,210,0,ferrari,http://en.wikipedia.org/wiki/Scuderia_Ferrari,Ferrari,Italian,2025,11
3,3,209,1,mercedes,http://en.wikipedia.org/wiki/Mercedes-Benz_in_Formula_One,Mercedes,German,2025,11
4,4,162,2,red_bull,http://en.wikipedia.org/wiki/Red_Bull_Racing,Red Bull,Austrian,2025,11
5,5,55,0,williams,http://en.wikipedia.org/wiki/Williams_Grand_Prix_Engineering,Williams,British,2025,11
6,6,36,0,rb,http://en.wikipedia.org/wiki/RB_Formula_One_Team,RB F1 Team,Italian,2025,11
7,7,29,0,haas,http://en.wikipedia.org/wiki/Haas_F1_Team,Haas F1 Team,American,2025,11
8,8,28,0,aston_martin,http://en.wikipedia.org/wiki/Aston_Martin_in_Formula_One,Aston Martin,British,2025,11
9,9,26,0,sauber,http://en.wikipedia.org/wiki/Sauber_Motorsport,Sauber,Swiss,2025,11
10,10,11,0,alpine,http://en.wikipedia.org/wiki/Alpine_F1_Team,Alpine F1 Team,French,2025,11
1,1,460,9,mclaren,http://en.wikipedia.org/wiki/McLaren,McLaren,British,2025,12
2,2,222,0,ferrari,http://en.wikipedia.org/wiki/Scuderia_Ferrari,Ferrari,Italian,2025,12
3,3,210,1,mercedes,http://en.wikipedia.org/wiki/Mercedes-Benz_in_Formula_One,Mercedes,German,2025,12
4,4,172,2,red_bull,http://en.wikipedia.org/wiki/Red_Bull_Racing,Red Bull,Austrian,2025,12
5,5,59,0,williams,http://en.wikipedia.org/wiki/Williams_Grand_Prix_Engineering,Williams,British,2025,12
6,6,41,0,sauber,http://en.wikipedia.org/wiki/Sauber_Motorsport,Sauber,Swiss,2025,12
7,7,36,0,rb,http://en.wikipedia.org/wiki/RB_Formula_One_Team,RB F1 Team,Italian,2025,12
8,8,36,0,aston_martin,http://en.wikipedia.org/wiki/Aston_Martin_in_Formula_One,Aston Martin,British,2025,12
9,9,29,0,haas,http://en.wikipedia.org/wiki/Haas_F1_Team,Haas F1 Team,American,2025,12
10,10,19,0,alpine,http://en.wikipedia.org/wiki/Alpine_F1_Team,Alpine F1 Team,French,2025,12
1,1,516,10,mclaren,http://en.wikipedia.org/wiki/McLaren,McLaren,British,2025,13
2,2,248,0,ferrari,http://en.wikipedia.org/wiki/Scuderia_Ferrari,Ferrari,Italian,2025,13
3,3,220,1,mercedes,http://en.wikipedia.org/wiki/Mercedes-Benz_in_Formula_One,Mercedes,German,2025,13
4,4,192,2,red_bull,http://en.wikipedia.org/wiki/Red_Bull_Racing,Red Bull,Austrian,2025,13
5,5,70,0,williams,http://en.wikipedia.org/wiki/Williams_Grand_Prix_Engineering,Williams,British,2025,13
6,6,43,0,sauber,http://en.wikipedia.org/wiki/Sauber_Motorsport,Sauber,Swiss,2025,13
7,7,41,0,rb,http://en.wikipedia.org/wiki/RB_Formula_One_Team,RB F1 Team,Italian,2025,13
8,8,36,0,aston_martin,http://en.wikipedia.org/wiki/Aston_Martin_in_Formula_One,Aston Martin,British,2025,13
9,9,35,0,haas,http://en.wikipedia.org/wiki/Haas_F1_Team,Haas F1 Team,American,2025,13
10,10,20,0,alpine,http://en.wikipedia.org/wiki/Alpine_F1_Team,Alpine F1 Team,French,2025,13
1,1,559,11,mclaren,http://en.wikipedia.org/wiki/McLaren,McLaren,British,2025,14
2,2,260,0,ferrari,http://en.wikipedia.org/wiki/Scuderia_Ferrari,Ferrari,Italian,2025,14
3,3,236,1,mercedes,http://en.wikipedia.org/wiki/Mercedes-Benz_in_Formula_One,Mercedes,German,2025,14
4,4,194,2,red_bull,http://en.wikipedia.org/wiki/Red_Bull_Racing,Red Bull,Austrian,2025,14
5,5,70,0,williams,http://en.wikipedia.org/wiki/Williams_Grand_Prix_Engineering,Williams,British,2025,14
6,6,52,0,aston_martin,http://en.wikipedia.org/wiki/Aston_Martin_in_Formula_One,Aston Martin,British,2025,14
7,7,51,0,sauber,http://en.wikipedia.org/wiki/Sauber_Motorsport,Sauber,Swiss,2025,14
8,8,45,0,rb,http://en.wikipedia.org/wiki/RB_Formula_One_Team,RB F1 Team,Italian,2025,14
9,9,35,0,haas,http://en.wikipedia.org/wiki/Haas_F1_Team,Haas F1 Team,American,2025,14
10,10,20,0,alpine,http://en.wikipedia.org/wiki/Alpine_F1_Team,Alpine F1 Team,French,2025,14
1,1,584,12,mclaren,http://en.wikipedia.org/wiki/McLaren,McLaren,British,2025,15
2,2,260,0,ferrari,http://en.wikipedia.org/wiki/Scuderia_Ferrari,Ferrari,Italian,2025,15
3,3,248,1,mercedes,http://en.wikipedia.org/wiki/Mercedes-Benz_in_Formula_One,Mercedes,German,2025,15
4,4,214,2,red_bull,http://en.wikipedia.org/wiki/Red_Bull_Racing,Red Bull,Austrian,2025,15
5,5,80,0,williams,http://en.wikipedia.org/wiki/Williams_Grand_Prix_Engineering,Williams,British,2025,15
6,6,62,0,aston_martin,http://en.wikipedia.org/wiki/Aston_Martin_in_Formula_One,Aston Martin,British,2025,15
7,7,60,0,rb,http://en.wikipedia.org/wiki/RB_Formula_One_Team,RB F1 Team,Italian,2025,15
8,8,51,0,sauber,http://en.wikipedia.org/wiki/Sauber_Motorsport,Sauber,Swiss,2025,15
9,9,44,0,haas,http://en.wikipedia.org/wiki/Haas_F1_Team,Haas F1 Team,American,2025,15
10,10,20,0,alpine,http://en.wikipedia.org/wiki/Alpine_F1_Team,Alpine F1 Team,French,2025,15
1,1,617,12,mclaren,http://en.wikipedia.org/wiki/McLaren,McLaren,British,2025,16
2,2,280,0,ferrari,http://en.wikipedia.org/wiki/Scuderia_Ferrari,Ferrari,Italian,2025,16
3,3,260,1,mercedes,http://en.wikipedia.org/wiki/Mercedes-Benz_in_Formula_One,Mercedes,German,2025,16
4,4,239,3,red_bull,http://en.wikipedia.org/wiki/Red_Bull_Racing,Red Bull,Austrian,2025,16
5,5,86,0,williams,http://en.wikipedia.org/wiki/Williams_Grand_Prix_Engineering,Williams,British,2025,16
6,6,62,0,aston_martin,http://en.wikipedia.org/wiki/Aston_Martin_in_Formula_One,Aston Martin,British,2025,16
7,7,61,0,rb,http://en.wikipedia.org/wiki/RB_Formula_One_Team,RB F1 Team,Italian,2025,16
8,8,55,0,sauber,http://en.wikipedia.org/wiki/Sauber_Motorsport,Sauber,Swiss,2025,16
9,9,44,0,haas,http://en.wikipedia.org/wiki/Haas_F1_Team,Haas F1 Team,American,2025,16
10,10,20,0,alpine,http://en.wikipedia.org/wiki/Alpine_F1_Team,Alpine F1 Team,French,2025,16
1,1,623,12,mclaren,http://en.wikipedia.org/wiki/McLaren,McLaren,British,2025,17
2,2,290,1,mercedes,http://en.wikipedia.org/wiki/Mercedes-Benz_in_Formula_One,Mercedes,German,2025,17
3,3,286,0,ferrari,http://en.wikipedia.org/wiki/Scuderia_Ferrari,Ferrari,Italian,2025,17
4,4,272,4,red_bull,http://en.wikipedia.org/wiki/Red_Bull_Racing,Red Bull,Austrian,2025,17
5,5,101,0,williams,http://en.wikipedia.org/wiki/Williams_Grand_Prix_Engineering,Williams,British,2025,17
6,6,72,0,rb,http://en.wikipedia.org/wiki/RB_Formula_One_Team,RB F1 Team,Italian,2025,17
7,7,62,0,aston_martin,http://en.wikipedia.org/wiki/Aston_Martin_in_Formula_One,Aston Martin,British,2025,17
8,8,55,0,sauber,http://en.wikipedia.org/wiki/Sauber_Motorsport,Sauber,Swiss,2025,17
9,9,44,0,haas,http://en.wikipedia.org/wiki/Haas_F1_Team,Haas F1 Team,American,2025,17
10,10,20,0,alpine,http://en.wikipedia.org/wiki/Alpine_F1_Team,Alpine F1 Team,French,2025,17
1,1,650,12,mclaren,http://en.wikipedia.org/wiki/McLaren,McLaren,British,2025,18
2,2,325,2,mercedes,http://en.wikipedia.org/wiki/Mercedes-Benz_in_Formula_One,Mercedes,German,2025,18
3,3,298,0,ferrari,http://en.wikipedia.org/wiki/Scuderia_Ferrari,Ferrari,Italian,2025,18
4,4,290,4,red_bull,http://en.wikipedia.org/wiki/Red_Bull_Racing,Red Bull,Austrian,2025,18
5,5,102,0,williams,http://en.wikipedia.org/wiki/Williams_Grand_Prix_Engineering,Williams,British,2025,18
6,6,72,0,rb,http://en.wikipedia.org/wiki/RB_Formula_One_Team,RB F1 Team,Italian,2025,18
7,7,68,0,aston_martin,http://en.wikipedia.org/wiki/Aston_Martin_in_Formula_One,Aston Martin,British,2025,18
8,8,55,0,sauber,http://en.wikipedia.org/wiki/Sauber_Motorsport,Sauber,Swiss,2025,18
9,9,46,0,haas,http://en.wikipedia.org/wiki/Haas_F1_Team,Haas F1 Team,American,2025,18
10,10,20,0,alpine,http://en.wikipedia.org/wiki/Alpine_F1_Team,Alpine F1 Team,French,2025,18
1,1,678,12,mclaren,http://en.wikipedia.org/wiki/McLaren,McLaren,British,2025,19
2,2,341,2,mercedes,http://en.wikipedia.org/wiki/Mercedes-Benz_in_Formula_One,Mercedes,German,2025,19
3,3,334,0,ferrari,http://en.wikipedia.org/wiki/Scuderia_Ferrari,Ferrari,Italian,2025,19
4,4,331,5,red_bull,http://en.wikipedia.org/wiki/Red_Bull_Racing,Red Bull,Austrian,2025,19
5,5,111,0,williams,http://en.wikipedia.org/wiki/Williams_Grand_Prix_Engineering,Williams,British,2025,19
6,6,72,0,rb,http://en.wikipedia.org/wiki/RB_Formula_One_Team,RB F1 Team,Italian,2025,19
7,7,69,0,aston_martin,http://en.wikipedia.org/wiki/Aston_Martin_in_Formula_One,Aston Martin,British,2025,19
8,8,59,0,sauber,http://en.wikipedia.org/wiki/Sauber_Motorsport,Sauber,Swiss,2025,19
9,9,48,0,haas,http://en.wikipedia.org/wiki/Haas_F1_Team,Haas F1 Team,American,2025,19
10,10,20,0,alpine,http://en.wikipedia.org/wiki/Alpine_F1_Team,Alpine F1 Team,French,2025,19
1,1,713,13,mclaren,http://en.wikipedia.org/wiki/McLaren,McLaren,British,2025,20
2,2,356,0,ferrari,http://en.wikipedia.org/wiki/Scuderia_Ferrari,Ferrari,Italian,2025,20
3,3,355,2,mercedes,http://en.wikipedia.org/wiki/Mercedes-Benz_in_Formula_One,Mercedes,German,2025,20
4,4,346,5,red_bull,http://en.wikipedia.org/wiki/Red_Bull_Racing,Red Bull,Austrian,2025,20
5,5,111,0,williams,http://en.wikipedia.org/wiki/Williams_Grand_Prix_Engineering,Williams,British,2025,20
6,6,72,0,rb,http://en.wikipedia.org/wiki/RB_Formula_One_Team,RB F1 Team,Italian,2025,20
7,7,69,0,aston_martin,http://en.wikipedia.org/wiki/Aston_Martin_in_Formula_One,Aston Martin,British,2025,20
8,8,62,0,haas,http://en.wikipedia.org/wiki/Haas_F1_Team,Haas F1 Team,American,2025,20
9,9,60,0,sauber,http://en.wikipedia.org/wiki/Sauber_Motorsport,Sauber,Swiss,2025,20
10,10,20,0,alpine,http://en.wikipedia.org/wiki/Alpine_F1_Team,Alpine F1 Team,French,2025,20
