driverId,url,givenName,familyName,dateOfBirth,nationality,permanentNumber,code
abate,http://en.wikipedia.org/wiki/Carlo_Mario_Abate,Carlo,Abate,1932-07-10,Italian,,
abecassis,http://en.wikipedia.org/wiki/George_Abecassis,George,Abecassis,1913-03-21,British,,
acheson,http://en.wikipedia.org/wiki/Kenny_Acheson,Kenny,Acheson,1957-11-27,British,,
adams,http://en.wikipedia.org/wiki/Philippe_Adams,Philippe,Adams,1969-11-19,Belgian,,
ader,http://en.wikipedia.org/wiki/Walt_Ader,Walt,Ader,1913-12-15,American,,
adolff,http://en.wikipedia.org/wiki/Kurt_Adolff,Kurt,Adolff,1921-11-05,German,,
agabashian,http://en.wikipedia.org/wiki/Fred_Agabashian,Fred,Agabashian,1913-08-21,American,,
ahrens,"http://en.wikipedia.org/wiki/Kurt_Ahrens,_Jr.",Kurt,Ahrens,1940-04-19,German,,
aitken,http://en.wikipedia.org/wiki/Jack_Aitken,Jack,Aitken,1995-09-23,British,89,AIT
albers,http://en.wikipedia.org/wiki/Christijan_Albers,Christijan,Albers,1979-04-16,Dutch,,ALB
albon,http://en.wikipedia.org/wiki/Alexander_Albon,Alexander,Albon,1996-03-23,Thai,23,ALB
alboreto,http://en.wikipedia.org/wiki/Michele_Alboreto,Michele,Alboreto,1956-12-23,Italian,,
alesi,http://en.wikipedia.org/wiki/Jean_Alesi,Jean,Alesi,1964-06-11,French,,
alguersuari,http://en.wikipedia.org/wiki/Jaime_Alguersuari,Jaime,Alguersuari,1990-03-23,Spanish,,ALG
alliot,http://en.wikipedia.org/wiki/Philippe_Alliot,Philippe,Alliot,1954-07-27,French,,
allison,http://en.wikipedia.org/wiki/Cliff_Allison,Cliff,Allison,1932-02-08,British,,
alonso,http://en.wikipedia.org/wiki/Fernando_Alonso,Fernando,Alonso,1981-07-29,Spanish,14,ALO
amati,http://en.wikipedia.org/wiki/Giovanna_Amati,Giovanna,Amati,1959-07-20,Italian,,
george_amick,http://en.wikipedia.org/wiki/George_Amick,George,Amick,1924-10-24,American,,
amick,http://en.wikipedia.org/wiki/Red_Amick,Red,Amick,1929-01-19,American,,
amon,http://en.wikipedia.org/wiki/Chris_Amon,Chris,Amon,1943-07-20,New Zealander,,
anderson,http://en.wikipedia.org/wiki/Bob_Anderson_(racing_driver),Bob,Anderson,1931-05-19,British,,
andersson,http://en.wikipedia.org/wiki/Conny_Andersson_(racing_driver),Conny,Andersson,1939-12-28,Swedish,,
mario_andretti,http://en.wikipedia.org/wiki/Mario_Andretti,Mario,Andretti,1940-02-28,American,,
andretti,http://en.wikipedia.org/wiki/Michael_Andretti,Michael,Andretti,1962-10-05,American,,
andrews,http://en.wikipedia.org/wiki/Keith_Andrews_(driver),Keith,Andrews,1920-06-15,American,,
antonelli,https://en.wikipedia.org/wiki/Andrea_Kimi_Antonelli,Andrea Kimi,Antonelli,2006-08-25,Italian,12,ANT
apicella,http://en.wikipedia.org/wiki/Marco_Apicella,Marco,Apicella,1965-10-07,Italian,,
armi,http://en.wikipedia.org/wiki/Frank_Armi,Frank,Armi,1918-10-12,American,,
arnold,http://en.wikipedia.org/wiki/Chuck_Arnold,Chuck,Arnold,1926-05-30,American,,
arnoux,http://en.wikipedia.org/wiki/Ren%C3%A9_Arnoux,René,Arnoux,1948-07-04,French,,
arundell,http://en.wikipedia.org/wiki/Peter_Arundell,Peter,Arundell,1933-11-08,British,,
ascari,http://en.wikipedia.org/wiki/Alberto_Ascari,Alberto,Ascari,1918-07-13,Italian,,
ashdown,http://en.wikipedia.org/wiki/Peter_Ashdown,Peter,Ashdown,1934-10-16,British,,
ashley,http://en.wikipedia.org/wiki/Ian_Ashley,Ian,Ashley,1947-10-26,British,,
ashmore,http://en.wikipedia.org/wiki/Gerry_Ashmore,Gerry,Ashmore,1936-07-25,British,,
aston,http://en.wikipedia.org/wiki/Bill_Aston,Bill,Aston,1900-03-29,British,,
attwood,http://en.wikipedia.org/wiki/Richard_Attwood,Richard,Attwood,1940-04-04,British,,
ayulo,http://en.wikipedia.org/wiki/Manny_Ayulo,Manny,Ayulo,1921-10-20,American,,
badoer,http://en.wikipedia.org/wiki/Luca_Badoer,Luca,Badoer,1971-01-25,Italian,,BAD
baghetti,http://en.wikipedia.org/wiki/Giancarlo_Baghetti,Giancarlo,Baghetti,1934-12-25,Italian,,
bailey,http://en.wikipedia.org/wiki/Julian_Bailey,Julian,Bailey,1961-10-09,British,,
baldi,http://en.wikipedia.org/wiki/Mauro_Baldi,Mauro,Baldi,1954-01-31,Italian,,
ball,http://en.wikipedia.org/wiki/Bobby_Ball_(auto_racer),Bobby,Ball,1925-08-26,American,,
balsa,http://en.wikipedia.org/wiki/Marcel_Balsa,Marcel,Balsa,1909-01-01,French,,
bandini,http://en.wikipedia.org/wiki/Lorenzo_Bandini,Lorenzo,Bandini,1935-12-21,Italian,,
banks,http://en.wikipedia.org/wiki/Henry_Banks,Henry,Banks,1913-06-14,American,,
barbazza,http://en.wikipedia.org/wiki/Fabrizio_Barbazza,Fabrizio,Barbazza,1963-04-02,Italian,,
john_barber,http://en.wikipedia.org/wiki/John_Barber_(racing_driver),John,Barber,1929-07-22,British,,
barber,http://en.wikipedia.org/wiki/Skip_Barber,Skip,Barber,1936-11-16,American,,
barilla,http://en.wikipedia.org/wiki/Paolo_Barilla,Paolo,Barilla,1961-04-20,Italian,,
barrichello,http://en.wikipedia.org/wiki/Rubens_Barrichello,Rubens,Barrichello,1972-05-23,Brazilian,,BAR
bartels,http://en.wikipedia.org/wiki/Michael_Bartels,Michael,Bartels,1968-03-08,German,,
barth,http://en.wikipedia.org/wiki/Edgar_Barth,Edgar,Barth,1917-01-26,German,,
bassi,http://en.wikipedia.org/wiki/Giorgio_Bassi,Giorgio,Bassi,1934-01-20,Italian,,
bauer,http://en.wikipedia.org/wiki/Erwin_Bauer,Erwin,Bauer,1912-07-17,German,,
baumgartner,http://en.wikipedia.org/wiki/Zsolt_Baumgartner,Zsolt,Baumgartner,1981-01-01,Hungarian,,
bayol,http://en.wikipedia.org/wiki/%C3%89lie_Bayol,Élie,Bayol,1914-02-28,French,,
bearman,http://en.wikipedia.org/wiki/Oliver_Bearman,Oliver,Bearman,2005-05-08,British,87,BEA
beauman,http://en.wikipedia.org/wiki/Don_Beauman,Don,Beauman,1928-07-26,British,,
bechem,http://en.wikipedia.org/wiki/G%C3%BCnther_Bechem,Günther,Bechem,1921-12-21,German,,
behra,http://en.wikipedia.org/wiki/Jean_Behra,Jean,Behra,1921-02-16,French,,
bell,http://en.wikipedia.org/wiki/Derek_Bell_(auto_racer),Derek,Bell,1941-10-31,British,,
bellof,http://en.wikipedia.org/wiki/Stefan_Bellof,Stefan,Bellof,1957-11-20,German,,
belmondo,http://en.wikipedia.org/wiki/Paul_Belmondo,Paul,Belmondo,1963-04-23,French,,
belso,http://en.wikipedia.org/wiki/Tom_Bels%C3%B8,Tom,Belsø,1942-08-27,Danish,,
beltoise,http://en.wikipedia.org/wiki/Jean-Pierre_Beltoise,Jean-Pierre,Beltoise,1937-04-26,French,,
beretta,http://en.wikipedia.org/wiki/Olivier_Beretta,Olivier,Beretta,1969-11-23,Monegasque,,
berg,http://en.wikipedia.org/wiki/Allen_Berg,Allen,Berg,1961-08-01,Canadian,,
georges_berger,http://en.wikipedia.org/wiki/Georges_Berger,Georges,Berger,1918-09-14,Belgian,,
berger,http://en.wikipedia.org/wiki/Gerhard_Berger,Gerhard,Berger,1959-08-27,Austrian,,
bernard,http://en.wikipedia.org/wiki/%C3%89ric_Bernard,Éric,Bernard,1964-08-24,French,,
bernoldi,http://en.wikipedia.org/wiki/Enrique_Bernoldi,Enrique,Bernoldi,1978-10-19,Brazilian,,
bertaggia,http://en.wikipedia.org/wiki/Enrico_Bertaggia,Enrico,Bertaggia,1964-09-19,Italian,,
bettenhausen,http://en.wikipedia.org/wiki/Tony_Bettenhausen,Tony,Bettenhausen,1916-09-12,American,,
beuttler,http://en.wikipedia.org/wiki/Mike_Beuttler,Mike,Beuttler,1940-04-13,British,,
bianchi,http://en.wikipedia.org/wiki/Lucien_Bianchi,Lucien,Bianchi,1934-11-10,Belgian,,BIA
jules_bianchi,http://en.wikipedia.org/wiki/Jules_Bianchi,Jules,Bianchi,1989-08-03,French,17,BIA
bianco,http://en.wikipedia.org/wiki/Gino_Bianco,Gino,Bianco,1916-07-22,Brazilian,,
binder,http://en.wikipedia.org/wiki/Hans_Binder,Hans,Binder,1948-06-12,Austrian,,
biondetti,http://en.wikipedia.org/wiki/Clemente_Biondetti,Clemente,Biondetti,1898-08-18,Italian,,
bira,http://en.wikipedia.org/wiki/Prince_Bira,Prince,Bira,1914-07-15,Thai,,
birger,http://en.wikipedia.org/wiki/Pablo_Birger,Pablo,Birger,1924-01-07,Argentine,,
bisch,http://en.wikipedia.org/wiki/Art_Bisch,Art,Bisch,1926-11-10,American,,
blanchard,http://en.wikipedia.org/wiki/Harry_Blanchard,Harry,Blanchard,1929-06-13,American,,
bleekemolen,http://en.wikipedia.org/wiki/Michael_Bleekemolen,Michael,Bleekemolen,1949-10-02,Dutch,,
blignaut,http://en.wikipedia.org/wiki/Alex_Blignaut,Alex,Blignaut,1932-11-30,South African,,
blokdyk,http://en.wikipedia.org/wiki/Trevor_Blokdyk,Trevor,Blokdyk,1935-11-30,South African,,
blundell,http://en.wikipedia.org/wiki/Mark_Blundell,Mark,Blundell,1966-04-08,British,,
boesel,http://en.wikipedia.org/wiki/Raul_Boesel,Raul,Boesel,1957-12-04,Brazilian,,
boffa,http://en.wikipedia.org/wiki/Menato_Boffa,Menato,Boffa,1930-01-04,Italian,,
bondurant,http://en.wikipedia.org/wiki/Bob_Bondurant,Bob,Bondurant,1933-04-27,American,,
bonetto,http://en.wikipedia.org/wiki/Felice_Bonetto,Felice,Bonetto,1903-06-09,Italian,,
bonnier,http://en.wikipedia.org/wiki/Joakim_Bonnier,Jo,Bonnier,1930-01-31,Swedish,,
bonomi,http://en.wikipedia.org/wiki/Roberto_Bonomi,Roberto,Bonomi,1919-09-30,Argentine,,
bordeu,http://en.wikipedia.org/wiki/Juan_Manuel_Bordeu,Juan Manuel,Bordeu,1934-01-28,Argentine,,
borgudd,http://en.wikipedia.org/wiki/Slim_Borgudd,Slim,Borgudd,1946-11-25,Swedish,,
bortoleto,https://en.wikipedia.org/wiki/Gabriel_Bortoleto,Gabriel,Bortoleto,2004-10-14,Brazilian,5,BOR
botha,http://en.wikipedia.org/wiki/Luki_Botha,Luki,Botha,1930-01-16,South African,,
bottas,http://en.wikipedia.org/wiki/Valtteri_Bottas,Valtteri,Bottas,1989-08-28,Finnish,77,BOT
