number,position,positionText,points,grid,laps,status,driver_driverId,driver_permanentNumber,driver_code,driver_url,driver_givenName,driver_familyName,driver_dateOfBirth,driver_nationality,constructor_constructorId,constructor_url,constructor_name,constructor_nationality,time_millis,time_time,FastestLap_rank,FastestLap_lap,FastestLap_time_time,season,round,raceName,date,circuit_id,circuit_name,circuit_location,circuit_country
1,1,1,8,4,19,Finished,max_verstappen,33,VER,http://en.wikipedia.org/wiki/Max_Verstappen,Max,Verstappen,1997-09-30,Dutch,red_bull,http://en.wikipedia.org/wiki/Red_Bull_Racing,Red Bull,Austrian,1924660,32:04.660,1,3,1:40.331,2024,5,Chinese Grand Prix,2024-04-21,shanghai,Shanghai International Circuit,Shanghai,China
44,2,2,7,2,19,Finished,hamilton,44,HAM,http://en.wikipedia.org/wiki/Lewis_Hamilton,Lewis,Hamilton,1985-01-07,British,mercedes,http://en.wikipedia.org/wiki/Mercedes-Benz_in_Formula_One,Mercedes,German,1937703,+13.043,2,3,1:40.420,2024,5,Chinese Grand Prix,2024-04-21,shanghai,Shanghai International Circuit,Shanghai,China
11,3,3,6,6,19,Finished,perez,11,PER,http://en.wikipedia.org/wiki/Sergio_P%C3%A9rez,Sergio,Pérez,1990-01-26,Mexican,red_bull,http://en.wikipedia.org/wiki/Red_Bull_Racing,Red Bull,Austrian,1939918,+15.258,7,4,1:41.065,2024,5,Chinese Grand Prix,2024-04-21,shanghai,Shanghai International Circuit,Shanghai,China
16,4,4,5,7,19,Finished,leclerc,16,LEC,http://en.wikipedia.org/wiki/Charles_Leclerc,Charles,Leclerc,1997-10-16,Monegasque,ferrari,http://en.wikipedia.org/wiki/Scuderia_Ferrari,Ferrari,Italian,1942146,+17.486,6,4,1:41.003,2024,5,Chinese Grand Prix,2024-04-21,shanghai,Shanghai International Circuit,Shanghai,China
55,5,5,4,5,19,Finished,sainz,55,SAI,http://en.wikipedia.org/wiki/Carlos_Sainz_Jr.,Carlos,Sainz,1994-09-01,Spanish,ferrari,http://en.wikipedia.org/wiki/Scuderia_Ferrari,Ferrari,Italian,1945356,+20.696,5,4,1:40.962,2024,5,Chinese Grand Prix,2024-04-21,shanghai,Shanghai International Circuit,Shanghai,China
4,6,6,3,1,19,Finished,norris,4,NOR,http://en.wikipedia.org/wiki/Lando_Norris,Lando,Norris,1999-11-13,British,mclaren,http://en.wikipedia.org/wiki/McLaren,McLaren,British,1946748,+22.088,4,4,1:40.951,2024,5,Chinese Grand Prix,2024-04-21,shanghai,Shanghai International Circuit,Shanghai,China
81,7,7,2,8,19,Finished,piastri,81,PIA,http://en.wikipedia.org/wiki/Oscar_Piastri,Oscar,Piastri,2001-04-06,Australian,mclaren,http://en.wikipedia.org/wiki/McLaren,McLaren,British,1949373,+24.713,8,3,1:41.107,2024,5,Chinese Grand Prix,2024-04-21,shanghai,Shanghai International Circuit,Shanghai,China
63,8,8,1,11,19,Finished,russell,63,RUS,http://en.wikipedia.org/wiki/George_Russell_(racing_driver),George,Russell,1998-02-15,British,mercedes,http://en.wikipedia.org/wiki/Mercedes-Benz_in_Formula_One,Mercedes,German,1950356,+25.696,10,5,1:41.505,2024,5,Chinese Grand Prix,2024-04-21,shanghai,Shanghai International Circuit,Shanghai,China
24,9,9,0,10,19,Finished,zhou,24,ZHO,http://en.wikipedia.org/wiki/Zhou_Guanyu,Guanyu,Zhou,1999-05-30,Chinese,sauber,http://en.wikipedia.org/wiki/Sauber_Motorsport,Sauber,Swiss,1956611,+31.951,9,4,1:41.502,2024,5,Chinese Grand Prix,2024-04-21,shanghai,Shanghai International Circuit,Shanghai,China
20,10,10,0,12,19,Finished,kevin_magnussen,20,MAG,http://en.wikipedia.org/wiki/Kevin_Magnussen,Kevin,Magnussen,1992-10-05,Danish,haas,http://en.wikipedia.org/wiki/Haas_F1_Team,Haas F1 Team,American,1962058,+37.398,13,5,1:42.092,2024,5,Chinese Grand Prix,2024-04-21,shanghai,Shanghai International Circuit,Shanghai,China
3,11,11,0,14,19,Finished,ricciardo,3,RIC,http://en.wikipedia.org/wiki/Daniel_Ricciardo,Daniel,Ricciardo,1989-07-01,Australian,rb,http://en.wikipedia.org/wiki/RB_Formula_One_Team,RB F1 Team,Italian,1962500,+37.840,16,6,1:42.234,2024,5,Chinese Grand Prix,2024-04-21,shanghai,Shanghai International Circuit,Shanghai,China
77,12,12,0,9,19,Finished,bottas,77,BOT,http://en.wikipedia.org/wiki/Valtteri_Bottas,Valtteri,Bottas,1989-08-28,Finnish,sauber,http://en.wikipedia.org/wiki/Sauber_Motorsport,Sauber,Swiss,1962955,+38.295,14,6,1:42.140,2024,5,Chinese Grand Prix,2024-04-21,shanghai,Shanghai International Circuit,Shanghai,China
31,13,13,0,17,19,Finished,ocon,31,OCO,http://en.wikipedia.org/wiki/Esteban_Ocon,Esteban,Ocon,1996-09-17,French,alpine,http://en.wikipedia.org/wiki/Alpine_F1_Team,Alpine F1 Team,French,1964501,+39.841,15,4,1:42.191,2024,5,Chinese Grand Prix,2024-04-21,shanghai,Shanghai International Circuit,Shanghai,China
18,14,14,0,15,19,Finished,stroll,18,STR,http://en.wikipedia.org/wiki/Lance_Stroll,Lance,Stroll,1998-10-29,Canadian,aston_martin,http://en.wikipedia.org/wiki/Aston_Martin_in_Formula_One,Aston Martin,British,1964959,+40.299,17,5,1:42.258,2024,5,Chinese Grand Prix,2024-04-21,shanghai,Shanghai International Circuit,Shanghai,China
10,15,15,0,16,19,Finished,gasly,10,GAS,http://en.wikipedia.org/wiki/Pierre_Gasly,Pierre,Gasly,1996-02-07,French,alpine,http://en.wikipedia.org/wiki/Alpine_F1_Team,Alpine F1 Team,French,1965498,+40.838,11,4,1:42.017,2024,5,Chinese Grand Prix,2024-04-21,shanghai,Shanghai International Circuit,Shanghai,China
22,16,16,0,19,19,Finished,tsunoda,22,TSU,http://en.wikipedia.org/wiki/Yuki_Tsunoda,Yuki,Tsunoda,2000-05-11,Japanese,rb,http://en.wikipedia.org/wiki/RB_Formula_One_Team,RB F1 Team,Italian,1966530,+41.870,12,4,1:42.056,2024,5,Chinese Grand Prix,2024-04-21,shanghai,Shanghai International Circuit,Shanghai,China
23,17,17,0,18,19,Finished,albon,23,ALB,http://en.wikipedia.org/wiki/Alexander_Albon,Alexander,Albon,1996-03-23,Thai,williams,http://en.wikipedia.org/wiki/Williams_Grand_Prix_Engineering,Williams,British,1967658,+42.998,19,8,1:42.389,2024,5,Chinese Grand Prix,2024-04-21,shanghai,Shanghai International Circuit,Shanghai,China
2,18,18,0,20,19,Finished,sargeant,2,SAR,http://en.wikipedia.org/wiki/Logan_Sargeant,Logan,Sargeant,2000-12-31,American,williams,http://en.wikipedia.org/wiki/Williams_Grand_Prix_Engineering,Williams,British,1971012,+46.352,20,7,1:42.516,2024,5,Chinese Grand Prix,2024-04-21,shanghai,Shanghai International Circuit,Shanghai,China
27,19,19,0,13,19,Finished,hulkenberg,27,HUL,http://en.wikipedia.org/wiki/Nico_H%C3%BClkenberg,Nico,Hülkenberg,1987-08-19,German,haas,http://en.wikipedia.org/wiki/Haas_F1_Team,Haas F1 Team,American,1974290,+49.630,18,5,1:42.315,2024,5,Chinese Grand Prix,2024-04-21,shanghai,Shanghai International Circuit,Shanghai,China
14,20,20,0,3,17,Retired,alonso,14,ALO,http://en.wikipedia.org/wiki/Fernando_Alonso,Fernando,Alonso,1981-07-29,Spanish,aston_martin,http://en.wikipedia.org/wiki/Aston_Martin_in_Formula_One,Aston Martin,British,1779513,+-1:57:34.853,3,3,1:40.537,2024,5,Chinese Grand Prix,2024-04-21,shanghai,Shanghai International Circuit,Shanghai,China
1,1,1,8,1,19,Finished,max_verstappen,33,VER,http://en.wikipedia.org/wiki/Max_Verstappen,Max,Verstappen,1997-09-30,Dutch,red_bull,http://en.wikipedia.org/wiki/Red_Bull_Racing,Red Bull,Austrian,1891383,31:31.383,1,4,1:30.415,2024,6,Miami Grand Prix,2024-05-05,miami,Miami International Autodrome,Miami,USA
16,2,2,7,2,19,Finished,leclerc,16,LEC,http://en.wikipedia.org/wiki/Charles_Leclerc,Charles,Leclerc,1997-10-16,Monegasque,ferrari,http://en.wikipedia.org/wiki/Scuderia_Ferrari,Ferrari,Italian,1894754,+3.371,2,4,1:30.807,2024,6,Miami Grand Prix,2024-05-05,miami,Miami International Autodrome,Miami,USA
11,3,3,6,3,19,Finished,perez,11,PER,http://en.wikipedia.org/wiki/Sergio_P%C3%A9rez,Sergio,Pérez,1990-01-26,Mexican,red_bull,http://en.wikipedia.org/wiki/Red_Bull_Racing,Red Bull,Austrian,1896478,+5.095,3,19,1:30.921,2024,6,Miami Grand Prix,2024-05-05,miami,Miami International Autodrome,Miami,USA
3,4,4,5,4,19,Finished,ricciardo,3,RIC,http://en.wikipedia.org/wiki/Daniel_Ricciardo,Daniel,Ricciardo,1989-07-01,Australian,rb,http://en.wikipedia.org/wiki/RB_Formula_One_Team,RB F1 Team,Italian,1906354,+14.971,5,4,1:31.505,2024,6,Miami Grand Prix,2024-05-05,miami,Miami International Autodrome,Miami,USA
55,5,5,4,5,19,Finished,sainz,55,SAI,http://en.wikipedia.org/wiki/Carlos_Sainz_Jr.,Carlos,Sainz,1994-09-01,Spanish,ferrari,http://en.wikipedia.org/wiki/Scuderia_Ferrari,Ferrari,Italian,1906605,+15.222,6,17,1:31.568,2024,6,Miami Grand Prix,2024-05-05,miami,Miami International Autodrome,Miami,USA
81,6,6,3,6,19,Finished,piastri,81,PIA,http://en.wikipedia.org/wiki/Oscar_Piastri,Oscar,Piastri,2001-04-06,Australian,mclaren,http://en.wikipedia.org/wiki/McLaren,McLaren,British,1907133,+15.750,4,19,1:31.393,2024,6,Miami Grand Prix,2024-05-05,miami,Miami International Autodrome,Miami,USA
27,7,7,2,10,19,Finished,hulkenberg,27,HUL,http://en.wikipedia.org/wiki/Nico_H%C3%BClkenberg,Nico,Hülkenberg,1987-08-19,German,haas,http://en.wikipedia.org/wiki/Haas_F1_Team,Haas F1 Team,American,1913437,+22.054,9,8,1:31.963,2024,6,Miami Grand Prix,2024-05-05,miami,Miami International Autodrome,Miami,USA
22,8,8,1,15,19,Finished,tsunoda,22,TSU,http://en.wikipedia.org/wiki/Yuki_Tsunoda,Yuki,Tsunoda,2000-05-11,Japanese,rb,http://en.wikipedia.org/wiki/RB_Formula_One_Team,RB F1 Team,Italian,1921199,+29.816,8,16,1:31.844,2024,6,Miami Grand Prix,2024-05-05,miami,Miami International Autodrome,Miami,USA
10,9,9,0,16,19,Finished,gasly,10,GAS,http://en.wikipedia.org/wiki/Pierre_Gasly,Pierre,Gasly,1996-02-07,French,alpine,http://en.wikipedia.org/wiki/Alpine_F1_Team,Alpine F1 Team,French,1923263,+31.880,12,6,1:32.148,2024,6,Miami Grand Prix,2024-05-05,miami,Miami International Autodrome,Miami,USA
2,10,10,0,18,19,Finished,sargeant,2,SAR,http://en.wikipedia.org/wiki/Logan_Sargeant,Logan,Sargeant,2000-12-31,American,williams,http://en.wikipedia.org/wiki/Williams_Grand_Prix_Engineering,Williams,British,1925738,+34.355,14,6,1:32.192,2024,6,Miami Grand Prix,2024-05-05,miami,Miami International Autodrome,Miami,USA
24,11,11,0,17,19,Finished,zhou,24,ZHO,http://en.wikipedia.org/wiki/Zhou_Guanyu,Guanyu,Zhou,1999-05-30,Chinese,sauber,http://en.wikipedia.org/wiki/Sauber_Motorsport,Sauber,Swiss,1926461,+35.078,11,7,1:32.131,2024,6,Miami Grand Prix,2024-05-05,miami,Miami International Autodrome,Miami,USA
63,12,12,0,11,19,Finished,russell,63,RUS,http://en.wikipedia.org/wiki/George_Russell_(racing_driver),George,Russell,1998-02-15,British,mercedes,http://en.wikipedia.org/wiki/Mercedes-Benz_in_Formula_One,Mercedes,German,1927138,+35.755,13,8,1:32.173,2024,6,Miami Grand Prix,2024-05-05,miami,Miami International Autodrome,Miami,USA
23,13,13,0,20,19,Finished,albon,23,ALB,http://en.wikipedia.org/wiki/Alexander_Albon,Alexander,Albon,1996-03-23,Thai,williams,http://en.wikipedia.org/wiki/Williams_Grand_Prix_Engineering,Williams,British,1927469,+36.086,16,6,1:32.223,2024,6,Miami Grand Prix,2024-05-05,miami,Miami International Autodrome,Miami,USA
77,14,14,0,19,19,Finished,bottas,77,BOT,http://en.wikipedia.org/wiki/Valtteri_Bottas,Valtteri,Bottas,1989-08-28,Finnish,sauber,http://en.wikipedia.org/wiki/Sauber_Motorsport,Sauber,Swiss,1928275,+36.892,18,7,1:32.462,2024,6,Miami Grand Prix,2024-05-05,miami,Miami International Autodrome,Miami,USA
31,15,15,0,13,19,Finished,ocon,31,OCO,http://en.wikipedia.org/wiki/Esteban_Ocon,Esteban,Ocon,1996-09-17,French,alpine,http://en.wikipedia.org/wiki/Alpine_F1_Team,Alpine F1 Team,French,1929123,+37.740,15,19,1:32.218,2024,6,Miami Grand Prix,2024-05-05,miami,Miami International Autodrome,Miami,USA
44,16,16,0,12,19,Finished,hamilton,44,HAM,http://en.wikipedia.org/wiki/Lewis_Hamilton,Lewis,Hamilton,1985-01-07,British,mercedes,http://en.wikipedia.org/wiki/Mercedes-Benz_in_Formula_One,Mercedes,German,1940730,+49.347,7,16,1:31.830,2024,6,Miami Grand Prix,2024-05-05,miami,Miami International Autodrome,Miami,USA
14,17,17,0,8,19,Finished,alonso,14,ALO,http://en.wikipedia.org/wiki/Fernando_Alonso,Fernando,Alonso,1981-07-29,Spanish,aston_martin,http://en.wikipedia.org/wiki/Aston_Martin_in_Formula_One,Aston Martin,British,1950792,+59.409,17,7,1:32.355,2024,6,Miami Grand Prix,2024-05-05,miami,Miami International Autodrome,Miami,USA
20,18,18,0,14,19,Finished,kevin_magnussen,20,MAG,http://en.wikipedia.org/wiki/Kevin_Magnussen,Kevin,Magnussen,1992-10-05,Danish,haas,http://en.wikipedia.org/wiki/Haas_F1_Team,Haas F1 Team,American,1957686,+1:06.303,10,5,1:32.113,2024,6,Miami Grand Prix,2024-05-05,miami,Miami International Autodrome,Miami,USA
18,19,R,0,7,1,Retired,stroll,18,STR,http://en.wikipedia.org/wiki/Lance_Stroll,Lance,Stroll,1998-10-29,Canadian,aston_martin,http://en.wikipedia.org/wiki/Aston_Martin_in_Formula_One,Aston Martin,British,,,,,,2024,6,Miami Grand Prix,2024-05-05,miami,Miami International Autodrome,Miami,USA
4,20,R,0,9,0,Retired,norris,4,NOR,http://en.wikipedia.org/wiki/Lando_Norris,Lando,Norris,1999-11-13,British,mclaren,http://en.wikipedia.org/wiki/McLaren,McLaren,British,,,,,,2024,6,Miami Grand Prix,2024-05-05,miami,Miami International Autodrome,Miami,USA
1,1,1,8,1,23,Finished,max_verstappen,33,VER,http://en.wikipedia.org/wiki/Max_Verstappen,Max,Verstappen,1997-09-30,Dutch,red_bull,http://en.wikipedia.org/wiki/Red_Bull_Racing,Red Bull,Austrian,1601389,26:41.389,3,8,1:09.013,2024,11,Austrian Grand Prix,2024-06-30,red_bull_ring,Red Bull Ring,Spielberg,Austria
81,2,2,7,3,23,Finished,piastri,81,PIA,http://en.wikipedia.org/wiki/Oscar_Piastri,Oscar,Piastri,2001-04-06,Australian,mclaren,http://en.wikipedia.org/wiki/McLaren,McLaren,British,1606005,+4.616,2,2,1:08.980,2024,11,Austrian Grand Prix,2024-06-30,red_bull_ring,Red Bull Ring,Spielberg,Austria
4,3,3,6,2,23,Finished,norris,4,NOR,http://en.wikipedia.org/wiki/Lando_Norris,Lando,Norris,1999-11-13,British,mclaren,http://en.wikipedia.org/wiki/McLaren,McLaren,British,1606737,+5.348,1,2,1:08.935,2024,11,Austrian Grand Prix,2024-06-30,red_bull_ring,Red Bull Ring,Spielberg,Austria
63,4,4,5,4,23,Finished,russell,63,RUS,http://en.wikipedia.org/wiki/George_Russell_(racing_driver),George,Russell,1998-02-15,British,mercedes,http://en.wikipedia.org/wiki/Mercedes-Benz_in_Formula_One,Mercedes,German,1609743,+8.354,5,4,1:09.194,2024,11,Austrian Grand Prix,2024-06-30,red_bull_ring,Red Bull Ring,Spielberg,Austria
55,5,5,4,5,23,Finished,sainz,55,SAI,http://en.wikipedia.org/wiki/Carlos_Sainz_Jr.,Carlos,Sainz,1994-09-01,Spanish,ferrari,http://en.wikipedia.org/wiki/Scuderia_Ferrari,Ferrari,Italian,1611378,+9.989,4,4,1:09.121,2024,11,Austrian Grand Prix,2024-06-30,red_bull_ring,Red Bull Ring,Spielberg,Austria
44,6,6,3,6,23,Finished,hamilton,44,HAM,http://en.wikipedia.org/wiki/Lewis_Hamilton,Lewis,Hamilton,1985-01-07,British,mercedes,http://en.wikipedia.org/wiki/Mercedes-Benz_in_Formula_One,Mercedes,German,1612596,+11.207,6,5,1:09.265,2024,11,Austrian Grand Prix,2024-06-30,red_bull_ring,Red Bull Ring,Spielberg,Austria
16,7,7,2,10,23,Finished,leclerc,16,LEC,http://en.wikipedia.org/wiki/Charles_Leclerc,Charles,Leclerc,1997-10-16,Monegasque,ferrari,http://en.wikipedia.org/wiki/Scuderia_Ferrari,Ferrari,Italian,1614813,+13.424,7,5,1:09.352,2024,11,Austrian Grand Prix,2024-06-30,red_bull_ring,Red Bull Ring,Spielberg,Austria
11,8,8,1,7,23,Finished,perez,11,PER,http://en.wikipedia.org/wiki/Sergio_P%C3%A9rez,Sergio,Pérez,1990-01-26,Mexican,red_bull,http://en.wikipedia.org/wiki/Red_Bull_Racing,Red Bull,Austrian,1618798,+17.409,8,4,1:09.420,2024,11,Austrian Grand Prix,2024-06-30,red_bull_ring,Red Bull Ring,Spielberg,Austria
20,9,9,0,11,23,Finished,kevin_magnussen,20,MAG,http://en.wikipedia.org/wiki/Kevin_Magnussen,Kevin,Magnussen,1992-10-05,Danish,haas,http://en.wikipedia.org/wiki/Haas_F1_Team,Haas F1 Team,American,1625456,+24.067,9,13,1:09.942,2024,11,Austrian Grand Prix,2024-06-30,red_bull_ring,Red Bull Ring,Spielberg,Austria
18,10,10,0,12,23,Finished,stroll,18,STR,http://en.wikipedia.org/wiki/Lance_Stroll,Lance,Stroll,1998-10-29,Canadian,aston_martin,http://en.wikipedia.org/wiki/Aston_Martin_in_Formula_One,Aston Martin,British,1631564,+30.175,12,11,1:10.260,2024,11,Austrian Grand Prix,2024-06-30,red_bull_ring,Red Bull Ring,Spielberg,Austria
31,11,11,0,8,23,Finished,ocon,31,OCO,http://en.wikipedia.org/wiki/Esteban_Ocon,Esteban,Ocon,1996-09-17,French,alpine,http://en.wikipedia.org/wiki/Alpine_F1_Team,Alpine F1 Team,French,1632228,+30.839,11,9,1:10.254,2024,11,Austrian Grand Prix,2024-06-30,red_bull_ring,Red Bull Ring,Spielberg,Austria
10,12,12,0,9,23,Finished,gasly,10,GAS,http://en.wikipedia.org/wiki/Pierre_Gasly,Pierre,Gasly,1996-02-07,French,alpine,http://en.wikipedia.org/wiki/Alpine_F1_Team,Alpine F1 Team,French,1632697,+31.308,10,10,1:10.168,2024,11,Austrian Grand Prix,2024-06-30,red_bull_ring,Red Bull Ring,Spielberg,Austria
22,13,13,0,14,23,Finished,tsunoda,22,TSU,http://en.wikipedia.org/wiki/Yuki_Tsunoda,Yuki,Tsunoda,2000-05-11,Japanese,rb,http://en.wikipedia.org/wiki/RB_Formula_One_Team,RB F1 Team,Italian,1636841,+35.452,13,5,1:10.363,2024,11,Austrian Grand Prix,2024-06-30,red_bull_ring,Red Bull Ring,Spielberg,Austria
3,14,14,0,16,23,Finished,ricciardo,3,RIC,http://en.wikipedia.org/wiki/Daniel_Ricciardo,Daniel,Ricciardo,1989-07-01,Australian,rb,http://en.wikipedia.org/wiki/RB_Formula_One_Team,RB F1 Team,Italian,1640786,+39.397,15,5,1:10.480,2024,11,Austrian Grand Prix,2024-06-30,red_bull_ring,Red Bull Ring,Spielberg,Austria
14,15,15,0,13,23,Finished,alonso,14,ALO,http://en.wikipedia.org/wiki/Fernando_Alonso,Fernando,Alonso,1981-07-29,Spanish,aston_martin,http://en.wikipedia.org/wiki/Aston_Martin_in_Formula_One,Aston Martin,British,1644544,+43.155,14,5,1:10.393,2024,11,Austrian Grand Prix,2024-06-30,red_bull_ring,Red Bull Ring,Spielberg,Austria
2,16,16,0,15,23,Finished,sargeant,2,SAR,http://en.wikipedia.org/wiki/Logan_Sargeant,Logan,Sargeant,2000-12-31,American,williams,http://en.wikipedia.org/wiki/Williams_Grand_Prix_Engineering,Williams,British,1645465,+44.076,16,6,1:10.488,2024,11,Austrian Grand Prix,2024-06-30,red_bull_ring,Red Bull Ring,Spielberg,Austria
23,17,17,0,20,23,Finished,albon,23,ALB,http://en.wikipedia.org/wiki/Alexander_Albon,Alexander,Albon,1996-03-23,Thai,williams,http://en.wikipedia.org/wiki/Williams_Grand_Prix_Engineering,Williams,British,1646062,+44.673,18,8,1:10.562,2024,11,Austrian Grand Prix,2024-06-30,red_bull_ring,Red Bull Ring,Spielberg,Austria
77,18,18,0,18,23,Finished,bottas,77,BOT,http://en.wikipedia.org/wiki/Valtteri_Bottas,Valtteri,Bottas,1989-08-28,Finnish,sauber,http://en.wikipedia.org/wiki/Sauber_Motorsport,Sauber,Swiss,1647900,+46.511,19,8,1:10.590,2024,11,Austrian Grand Prix,2024-06-30,red_bull_ring,Red Bull Ring,Spielberg,Austria
27,19,19,0,17,23,Finished,hulkenberg,27,HUL,http://en.wikipedia.org/wiki/Nico_H%C3%BClkenberg,Nico,Hülkenberg,1987-08-19,German,haas,http://en.wikipedia.org/wiki/Haas_F1_Team,Haas F1 Team,American,1649812,+48.423,17,4,1:10.512,2024,11,Austrian Grand Prix,2024-06-30,red_bull_ring,Red Bull Ring,Spielberg,Austria
24,20,20,0,19,23,Finished,zhou,24,ZHO,http://en.wikipedia.org/wiki/Zhou_Guanyu,Guanyu,Zhou,1999-05-30,Chinese,sauber,http://en.wikipedia.org/wiki/Sauber_Motorsport,Sauber,Swiss,1654532,+53.143,20,6,1:10.613,2024,11,Austrian Grand Prix,2024-06-30,red_bull_ring,Red Bull Ring,Spielberg,Austria
1,1,1,8,1,19,Finished,max_verstappen,33,VER,http://en.wikipedia.org/wiki/Max_Verstappen,Max,Verstappen,1997-09-30,Dutch,red_bull,http://en.wikipedia.org/wiki/Red_Bull_Racing,Red Bull,Austrian,1866146,31:06.146,1,19,1:37.463,2024,19,United States Grand Prix,2024-10-20,americas,Circuit of the Americas,Austin,USA
55,2,2,7,5,19,Finished,sainz,55,SAI,http://en.wikipedia.org/wiki/Carlos_Sainz_Jr.,Carlos,Sainz,1994-09-01,Spanish,ferrari,http://en.wikipedia.org/wiki/Scuderia_Ferrari,Ferrari,Italian,1870028,+3.882,2,19,1:37.552,2024,19,United States Grand Prix,2024-10-20,americas,Circuit of the Americas,Austin,USA
4,3,3,6,4,19,Finished,norris,4,NOR,http://en.wikipedia.org/wiki/Lando_Norris,Lando,Norris,1999-11-13,British,mclaren,http://en.wikipedia.org/wiki/McLaren,McLaren,British,1872386,+6.240,5,17,1:38.045,2024,19,United States Grand Prix,2024-10-20,americas,Circuit of the Americas,Austin,USA
16,4,4,5,3,19,Finished,leclerc,16,LEC,http://en.wikipedia.org/wiki/Charles_Leclerc,Charles,Leclerc,1997-10-16,Monegasque,ferrari,http://en.wikipedia.org/wiki/Scuderia_Ferrari,Ferrari,Italian,1873102,+6.956,4,11,1:37.748,2024,19,United States Grand Prix,2024-10-20,americas,Circuit of the Americas,Austin,USA
63,5,5,4,2,19,Finished,russell,63,RUS,http://en.wikipedia.org/wiki/George_Russell_(racing_driver),George,Russell,1998-02-15,British,mercedes,http://en.wikipedia.org/wiki/Mercedes-Benz_in_Formula_One,Mercedes,German,1881912,+15.766,6,4,1:38.301,2024,19,United States Grand Prix,2024-10-20,americas,Circuit of the Americas,Austin,USA
44,6,6,3,7,19,Finished,hamilton,44,HAM,http://en.wikipedia.org/wiki/Lewis_Hamilton,Lewis,Hamilton,1985-01-07,British,mercedes,http://en.wikipedia.org/wiki/Mercedes-Benz_in_Formula_One,Mercedes,German,1884870,+18.724,7,17,1:38.372,2024,19,United States Grand Prix,2024-10-20,americas,Circuit of the Americas,Austin,USA
20,7,7,2,8,19,Finished,kevin_magnussen,20,MAG,http://en.wikipedia.org/wiki/Kevin_Magnussen,Kevin,Magnussen,1992-10-05,Danish,haas,http://en.wikipedia.org/wiki/Haas_F1_Team,Haas F1 Team,American,1891307,+25.161,9,6,1:38.602,2024,19,United States Grand Prix,2024-10-20,americas,Circuit of the Americas,Austin,USA
27,8,8,1,6,19,Finished,hulkenberg,27,HUL,http://en.wikipedia.org/wiki/Nico_H%C3%BClkenberg,Nico,Hülkenberg,1987-08-19,German,haas,http://en.wikipedia.org/wiki/Haas_F1_Team,Haas F1 Team,American,1892734,+26.588,10,16,1:38.746,2024,19,United States Grand Prix,2024-10-20,americas,Circuit of the Americas,Austin,USA
11,9,9,0,11,19,Finished,perez,11,PER,http://en.wikipedia.org/wiki/Sergio_P%C3%A9rez,Sergio,Pérez,1990-01-26,Mexican,red_bull,http://en.wikipedia.org/wiki/Red_Bull_Racing,Red Bull,Austrian,1896096,+29.950,8,19,1:38.452,2024,19,United States Grand Prix,2024-10-20,americas,Circuit of the Americas,Austin,USA
81,10,10,0,16,19,Finished,piastri,81,PIA,http://en.wikipedia.org/wiki/Oscar_Piastri,Oscar,Piastri,2001-04-06,Australian,mclaren,http://en.wikipedia.org/wiki/McLaren,McLaren,British,1903205,+37.059,3,19,1:37.567,2024,19,United States Grand Prix,2024-10-20,americas,Circuit of the Americas,Austin,USA
22,11,11,0,9,19,Finished,tsunoda,22,TSU,http://en.wikipedia.org/wiki/Yuki_Tsunoda,Yuki,Tsunoda,2000-05-11,Japanese,rb,http://en.wikipedia.org/wiki/RB_Formula_One_Team,RB F1 Team,Italian,1904509,+38.363,12,19,1:39.136,2024,19,United States Grand Prix,2024-10-20,americas,Circuit of the Americas,Austin,USA
43,12,12,0,10,19,Finished,colapinto,43,COL,http://en.wikipedia.org/wiki/Franco_Colapinto,Franco,Colapinto,2003-05-27,Argentine,williams,http://en.wikipedia.org/wiki/Williams_Grand_Prix_Engineering,Williams,British,1905606,+39.460,16,19,1:39.335,2024,19,United States Grand Prix,2024-10-20,americas,Circuit of the Americas,Austin,USA
18,13,13,0,13,19,Finished,stroll,18,STR,http://en.wikipedia.org/wiki/Lance_Stroll,Lance,Stroll,1998-10-29,Canadian,aston_martin,http://en.wikipedia.org/wiki/Aston_Martin_in_Formula_One,Aston Martin,British,1907382,+41.236,18,19,1:39.532,2024,19,United States Grand Prix,2024-10-20,americas,Circuit of the Americas,Austin,USA
10,14,14,0,12,19,Finished,gasly,10,GAS,http://en.wikipedia.org/wiki/Pierre_Gasly,Pierre,Gasly,1996-02-07,French,alpine,http://en.wikipedia.org/wiki/Alpine_F1_Team,Alpine F1 Team,French,1908141,+41.995,17,19,1:39.438,2024,19,United States Grand Prix,2024-10-20,americas,Circuit of the Americas,Austin,USA
31,15,15,0,17,19,Finished,ocon,31,OCO,http://en.wikipedia.org/wiki/Esteban_Ocon,Esteban,Ocon,1996-09-17,French,alpine,http://en.wikipedia.org/wiki/Alpine_F1_Team,Alpine F1 Team,French,1908950,+42.804,11,7,1:38.835,2024,19,United States Grand Prix,2024-10-20,americas,Circuit of the Americas,Austin,USA
30,16,16,0,15,19,Finished,lawson,30,LAW,http://en.wikipedia.org/wiki/Liam_Lawson,Liam,Lawson,2002-02-11,New Zealander,rb,http://en.wikipedia.org/wiki/RB_Formula_One_Team,RB F1 Team,Italian,1910154,+44.008,14,7,1:39.237,2024,19,United States Grand Prix,2024-10-20,americas,Circuit of the Americas,Austin,USA
23,17,17,0,20,19,Finished,albon,23,ALB,http://en.wikipedia.org/wiki/Alexander_Albon,Alexander,Albon,1996-03-23,Thai,williams,http://en.wikipedia.org/wiki/Williams_Grand_Prix_Engineering,Williams,British,1910710,+44.564,13,17,1:39.198,2024,19,United States Grand Prix,2024-10-20,americas,Circuit of the Americas,Austin,USA
14,18,18,0,14,19,Finished,alonso,14,ALO,http://en.wikipedia.org/wiki/Fernando_Alonso,Fernando,Alonso,1981-07-29,Spanish,aston_martin,http://en.wikipedia.org/wiki/Aston_Martin_in_Formula_One,Aston Martin,British,1912953,+46.807,15,18,1:39.250,2024,19,United States Grand Prix,2024-10-20,americas,Circuit of the Americas,Austin,USA
24,19,19,0,19,19,Finished,zhou,24,ZHO,http://en.wikipedia.org/wiki/Zhou_Guanyu,Guanyu,Zhou,1999-05-30,Chinese,sauber,http://en.wikipedia.org/wiki/Sauber_Motorsport,Sauber,Swiss,1918988,+52.842,20,17,1:39.705,2024,19,United States Grand Prix,2024-10-20,americas,Circuit of the Americas,Austin,USA
77,20,20,0,18,19,Finished,bottas,77,BOT,http://en.wikipedia.org/wiki/Valtteri_Bottas,Valtteri,Bottas,1989-08-28,Finnish,sauber,http://en.wikipedia.org/wiki/Sauber_Motorsport,Sauber,Swiss,1920622,+54.476,19,16,1:39.642,2024,19,United States Grand Prix,2024-10-20,americas,Circuit of the Americas,Austin,USA
4,1,1,8,2,24,Finished,norris,4,NOR,http://en.wikipedia.org/wiki/Lando_Norris,Lando,Norris,1999-11-13,British,mclaren,http://en.wikipedia.org/wiki/McLaren,McLaren,British,1786045,29:46.045,6,15,1:11.917,2024,21,São Paulo Grand Prix,2024-11-03,interlagos,Autódromo José Carlos Pace,São Paulo,Brazil
81,2,2,7,1,24,Finished,piastri,81,PIA,http://en.wikipedia.org/wiki/Oscar_Piastri,Oscar,Piastri,2001-04-06,Australian,mclaren,http://en.wikipedia.org/wiki/McLaren,McLaren,British,1786638,+0.593,3,17,1:11.783,2024,21,São Paulo Grand Prix,2024-11-03,interlagos,Autódromo José Carlos Pace,São Paulo,Brazil
16,3,3,6,3,24,Finished,leclerc,16,LEC,http://en.wikipedia.org/wiki/Charles_Leclerc,Charles,Leclerc,1997-10-16,Monegasque,ferrari,http://en.wikipedia.org/wiki/Scuderia_Ferrari,Ferrari,Italian,1791701,+5.656,5,3,1:11.914,2024,21,São Paulo Grand Prix,2024-11-03,interlagos,Autódromo José Carlos Pace,São Paulo,Brazil
1,4,4,5,4,24,Finished,max_verstappen,33,VER,http://en.wikipedia.org/wiki/Max_Verstappen,Max,Verstappen,1997-09-30,Dutch,red_bull,http://en.wikipedia.org/wiki/Red_Bull_Racing,Red Bull,Austrian,1792542,+6.497,4,18,1:11.852,2024,21,São Paulo Grand Prix,2024-11-03,interlagos,Autódromo José Carlos Pace,São Paulo,Brazil
55,5,5,4,5,24,Finished,sainz,55,SAI,http://en.wikipedia.org/wiki/Carlos_Sainz_Jr.,Carlos,Sainz,1994-09-01,Spanish,ferrari,http://en.wikipedia.org/wiki/Scuderia_Ferrari,Ferrari,Italian,1793269,+7.224,7,17,1:11.975,2024,21,São Paulo Grand Prix,2024-11-03,interlagos,Autódromo José Carlos Pace,São Paulo,Brazil
63,6,6,3,6,24,Finished,russell,63,RUS,http://en.wikipedia.org/wiki/George_Russell_(racing_driver),George,Russell,1998-02-15,British,mercedes,http://en.wikipedia.org/wiki/Mercedes-Benz_in_Formula_One,Mercedes,German,1798520,+12.475,8,12,1:12.142,2024,21,São Paulo Grand Prix,2024-11-03,interlagos,Autódromo José Carlos Pace,São Paulo,Brazil
10,7,7,2,7,24,Finished,gasly,10,GAS,http://en.wikipedia.org/wiki/Pierre_Gasly,Pierre,Gasly,1996-02-07,French,alpine,http://en.wikipedia.org/wiki/Alpine_F1_Team,Alpine F1 Team,French,1804206,+18.161,9,19,1:12.400,2024,21,São Paulo Grand Prix,2024-11-03,interlagos,Autódromo José Carlos Pace,São Paulo,Brazil
11,8,8,1,13,24,Finished,perez,11,PER,http://en.wikipedia.org/wiki/Sergio_P%C3%A9rez,Sergio,Pérez,1990-01-26,Mexican,red_bull,http://en.wikipedia.org/wiki/Red_Bull_Racing,Red Bull,Austrian,1804762,+18.717,1,24,1:11.678,2024,21,São Paulo Grand Prix,2024-11-03,interlagos,Autódromo José Carlos Pace,São Paulo,Brazil
30,9,9,0,8,24,Finished,lawson,30,LAW,http://en.wikipedia.org/wiki/Liam_Lawson,Liam,Lawson,2002-02-11,New Zealander,rb,http://en.wikipedia.org/wiki/RB_Formula_One_Team,RB F1 Team,Italian,1806818,+20.773,11,18,1:12.596,2024,21,São Paulo Grand Prix,2024-11-03,interlagos,Autódromo José Carlos Pace,São Paulo,Brazil
23,10,10,0,9,24,Finished,albon,23,ALB,http://en.wikipedia.org/wiki/Alexander_Albon,Alexander,Albon,1996-03-23,Thai,williams,http://en.wikipedia.org/wiki/Williams_Grand_Prix_Engineering,Williams,British,1810651,+24.606,2,24,1:11.692,2024,21,São Paulo Grand Prix,2024-11-03,interlagos,Autódromo José Carlos Pace,São Paulo,Brazil
44,11,11,0,11,24,Finished,hamilton,44,HAM,http://en.wikipedia.org/wiki/Lewis_Hamilton,Lewis,Hamilton,1985-01-07,British,mercedes,http://en.wikipedia.org/wiki/Mercedes-Benz_in_Formula_One,Mercedes,German,1815809,+29.764,10,21,1:12.546,2024,21,São Paulo Grand Prix,2024-11-03,interlagos,Autódromo José Carlos Pace,São Paulo,Brazil
43,12,12,0,14,24,Finished,colapinto,43,COL,http://en.wikipedia.org/wiki/Franco_Colapinto,Franco,Colapinto,2003-05-27,Argentine,williams,http://en.wikipedia.org/wiki/Williams_Grand_Prix_Engineering,Williams,British,1819278,+33.233,13,15,1:12.701,2024,21,São Paulo Grand Prix,2024-11-03,interlagos,Autódromo José Carlos Pace,São Paulo,Brazil
31,13,13,0,16,24,Finished,ocon,31,OCO,http://en.wikipedia.org/wiki/Esteban_Ocon,Esteban,Ocon,1996-09-17,French,alpine,http://en.wikipedia.org/wiki/Alpine_F1_Team,Alpine F1 Team,French,1820173,+34.128,16,16,1:12.882,2024,21,São Paulo Grand Prix,2024-11-03,interlagos,Autódromo José Carlos Pace,São Paulo,Brazil
50,14,14,0,10,24,Finished,bearman,87,BEA,http://en.wikipedia.org/wiki/Oliver_Bearman,Oliver,Bearman,2005-05-08,British,haas,http://en.wikipedia.org/wiki/Haas_F1_Team,Haas F1 Team,American,1821552,+35.507,17,4,1:12.974,2024,21,São Paulo Grand Prix,2024-11-03,interlagos,Autódromo José Carlos Pace,São Paulo,Brazil
22,15,15,0,17,24,Finished,tsunoda,22,TSU,http://en.wikipedia.org/wiki/Yuki_Tsunoda,Yuki,Tsunoda,2000-05-11,Japanese,rb,http://en.wikipedia.org/wiki/RB_Formula_One_Team,RB F1 Team,Italian,1827419,+41.374,14,14,1:12.838,2024,21,São Paulo Grand Prix,2024-11-03,interlagos,Autódromo José Carlos Pace,São Paulo,Brazil
77,16,16,0,15,24,Finished,bottas,77,BOT,http://en.wikipedia.org/wiki/Valtteri_Bottas,Valtteri,Bottas,1989-08-28,Finnish,sauber,http://en.wikipedia.org/wiki/Sauber_Motorsport,Sauber,Swiss,1829276,+43.231,12,24,1:12.698,2024,21,São Paulo Grand Prix,2024-11-03,interlagos,Autódromo José Carlos Pace,São Paulo,Brazil
24,17,17,0,20,24,Finished,zhou,24,ZHO,http://en.wikipedia.org/wiki/Zhou_Guanyu,Guanyu,Zhou,1999-05-30,Chinese,sauber,http://en.wikipedia.org/wiki/Sauber_Motorsport,Sauber,Swiss,1840184,+54.139,19,3,1:13.559,2024,21,São Paulo Grand Prix,2024-11-03,interlagos,Autódromo José Carlos Pace,São Paulo,Brazil
14,18,18,0,18,24,Finished,alonso,14,ALO,http://en.wikipedia.org/wiki/Fernando_Alonso,Fernando,Alonso,1981-07-29,Spanish,aston_martin,http://en.wikipedia.org/wiki/Aston_Martin_in_Formula_One,Aston Martin,British,1842582,+56.537,18,16,1:13.111,2024,21,São Paulo Grand Prix,2024-11-03,interlagos,Autódromo José Carlos Pace,São Paulo,Brazil
18,19,19,0,19,24,Finished,stroll,18,STR,http://en.wikipedia.org/wiki/Lance_Stroll,Lance,Stroll,1998-10-29,Canadian,aston_martin,http://en.wikipedia.org/wiki/Aston_Martin_in_Formula_One,Aston Martin,British,1844028,+57.983,20,3,1:13.560,2024,21,São Paulo Grand Prix,2024-11-03,interlagos,Autódromo José Carlos Pace,São Paulo,Brazil
27,20,R,0,12,19,Retired,hulkenberg,27,HUL,http://en.wikipedia.org/wiki/Nico_H%C3%BClkenberg,Nico,Hülkenberg,1987-08-19,German,haas,http://en.wikipedia.org/wiki/Haas_F1_Team,Haas F1 Team,American,,,15,16,1:12.879,2024,21,São Paulo Grand Prix,2024-11-03,interlagos,Autódromo José Carlos Pace,São Paulo,Brazil
81,1,1,8,3,19,Finished,piastri,81,PIA,http://en.wikipedia.org/wiki/Oscar_Piastri,Oscar,Piastri,2001-04-06,Australian,mclaren,http://en.wikipedia.org/wiki/McLaren,McLaren,British,1623010,27:03.010,8,17,1:24.494,2024,23,Qatar Grand Prix,2024-12-01,losail,Losail International Circuit,Al Daayen,Qatar
4,2,2,7,1,19,Finished,norris,4,NOR,http://en.wikipedia.org/wiki/Lando_Norris,Lando,Norris,1999-11-13,British,mclaren,http://en.wikipedia.org/wiki/McLaren,McLaren,British,1623146,+0.136,4,13,1:24.329,2024,23,Qatar Grand Prix,2024-12-01,losail,Losail International Circuit,Al Daayen,Qatar
63,3,3,6,2,19,Finished,russell,63,RUS,http://en.wikipedia.org/wiki/George_Russell_(racing_driver),George,Russell,1998-02-15,British,mercedes,http://en.wikipedia.org/wiki/Mercedes-Benz_in_Formula_One,Mercedes,German,1623420,+0.410,6,18,1:24.380,2024,23,Qatar Grand Prix,2024-12-01,losail,Losail International Circuit,Al Daayen,Qatar
55,4,4,5,4,19,Finished,sainz,55,SAI,http://en.wikipedia.org/wiki/Carlos_Sainz_Jr.,Carlos,Sainz,1994-09-01,Spanish,ferrari,http://en.wikipedia.org/wiki/Scuderia_Ferrari,Ferrari,Italian,1624336,+1.326,7,16,1:24.405,2024,23,Qatar Grand Prix,2024-12-01,losail,Losail International Circuit,Al Daayen,Qatar
16,5,5,4,5,19,Finished,leclerc,16,LEC,http://en.wikipedia.org/wiki/Charles_Leclerc,Charles,Leclerc,1997-10-16,Monegasque,ferrari,http://en.wikipedia.org/wiki/Scuderia_Ferrari,Ferrari,Italian,1628083,+5.073,1,18,1:23.923,2024,23,Qatar Grand Prix,2024-12-01,losail,Losail International Circuit,Al Daayen,Qatar
44,6,6,3,7,19,Finished,hamilton,44,HAM,http://en.wikipedia.org/wiki/Lewis_Hamilton,Lewis,Hamilton,1985-01-07,British,mercedes,http://en.wikipedia.org/wiki/Mercedes-Benz_in_Formula_One,Mercedes,German,1628660,+5.650,5,18,1:24.337,2024,23,Qatar Grand Prix,2024-12-01,losail,Losail International Circuit,Al Daayen,Qatar
27,7,7,2,9,19,Finished,hulkenberg,27,HUL,http://en.wikipedia.org/wiki/Nico_H%C3%BClkenberg,Nico,Hülkenberg,1987-08-19,German,haas,http://en.wikipedia.org/wiki/Haas_F1_Team,Haas F1 Team,American,1631518,+8.508,3,18,1:24.284,2024,23,Qatar Grand Prix,2024-12-01,losail,Losail International Circuit,Al Daayen,Qatar
1,8,8,1,6,19,Finished,max_verstappen,33,VER,http://en.wikipedia.org/wiki/Max_Verstappen,Max,Verstappen,1997-09-30,Dutch,red_bull,http://en.wikipedia.org/wiki/Red_Bull_Racing,Red Bull,Austrian,1633378,+10.368,10,18,1:24.577,2024,23,Qatar Grand Prix,2024-12-01,losail,Losail International Circuit,Al Daayen,Qatar
10,9,9,0,8,19,Finished,gasly,10,GAS,http://en.wikipedia.org/wiki/Pierre_Gasly,Pierre,Gasly,1996-02-07,French,alpine,http://en.wikipedia.org/wiki/Alpine_F1_Team,Alpine F1 Team,French,1637523,+14.513,12,19,1:24.930,2024,23,Qatar Grand Prix,2024-12-01,losail,Losail International Circuit,Al Daayen,Qatar
20,10,10,0,15,19,Finished,kevin_magnussen,20,MAG,http://en.wikipedia.org/wiki/Kevin_Magnussen,Kevin,Magnussen,1992-10-05,Danish,haas,http://en.wikipedia.org/wiki/Haas_F1_Team,Haas F1 Team,American,1638495,+15.485,9,18,1:24.568,2024,23,Qatar Grand Prix,2024-12-01,losail,Losail International Circuit,Al Daayen,Qatar
14,11,11,0,11,19,Finished,alonso,14,ALO,http://en.wikipedia.org/wiki/Fernando_Alonso,Fernando,Alonso,1981-07-29,Spanish,aston_martin,http://en.wikipedia.org/wiki/Aston_Martin_in_Formula_One,Aston Martin,British,1642214,+19.204,2,19,1:24.281,2024,23,Qatar Grand Prix,2024-12-01,losail,Losail International Circuit,Al Daayen,Qatar
77,12,12,0,13,19,Finished,bottas,77,BOT,http://en.wikipedia.org/wiki/Valtteri_Bottas,Valtteri,Bottas,1989-08-28,Finnish,sauber,http://en.wikipedia.org/wiki/Sauber_Motorsport,Sauber,Swiss,1646361,+23.351,16,12,1:25.447,2024,23,Qatar Grand Prix,2024-12-01,losail,Losail International Circuit,Al Daayen,Qatar
18,13,13,0,14,19,Finished,stroll,18,STR,http://en.wikipedia.org/wiki/Lance_Stroll,Lance,Stroll,1998-10-29,Canadian,aston_martin,http://en.wikipedia.org/wiki/Aston_Martin_in_Formula_One,Aston Martin,British,1647431,+24.421,14,18,1:25.369,2024,23,Qatar Grand Prix,2024-12-01,losail,Losail International Circuit,Al Daayen,Qatar
31,14,14,0,17,19,Finished,ocon,31,OCO,http://en.wikipedia.org/wiki/Esteban_Ocon,Esteban,Ocon,1996-09-17,French,alpine,http://en.wikipedia.org/wiki/Alpine_F1_Team,Alpine F1 Team,French,1653389,+30.379,17,19,1:25.598,2024,23,Qatar Grand Prix,2024-12-01,losail,Losail International Circuit,Al Daayen,Qatar
23,15,15,0,12,19,Finished,albon,23,ALB,http://en.wikipedia.org/wiki/Alexander_Albon,Alexander,Albon,1996-03-23,Thai,williams,http://en.wikipedia.org/wiki/Williams_Grand_Prix_Engineering,Williams,British,1656072,+33.062,15,18,1:25.443,2024,23,Qatar Grand Prix,2024-12-01,losail,Losail International Circuit,Al Daayen,Qatar
30,16,16,0,10,19,Finished,lawson,30,LAW,http://en.wikipedia.org/wiki/Liam_Lawson,Liam,Lawson,2002-02-11,New Zealander,rb,http://en.wikipedia.org/wiki/RB_Formula_One_Team,RB F1 Team,Italian,1657366,+34.356,19,18,1:25.762,2024,23,Qatar Grand Prix,2024-12-01,losail,Losail International Circuit,Al Daayen,Qatar
22,17,17,0,16,19,Finished,tsunoda,22,TSU,http://en.wikipedia.org/wiki/Yuki_Tsunoda,Yuki,Tsunoda,2000-05-11,Japanese,rb,http://en.wikipedia.org/wiki/RB_Formula_One_Team,RB F1 Team,Italian,1658112,+35.102,20,17,1:25.838,2024,23,Qatar Grand Prix,2024-12-01,losail,Losail International Circuit,Al Daayen,Qatar
43,18,18,0,20,19,Finished,colapinto,43,COL,http://en.wikipedia.org/wiki/Franco_Colapinto,Franco,Colapinto,2003-05-27,Argentine,williams,http://en.wikipedia.org/wiki/Williams_Grand_Prix_Engineering,Williams,British,1658649,+35.639,18,18,1:25.599,2024,23,Qatar Grand Prix,2024-12-01,losail,Losail International Circuit,Al Daayen,Qatar
24,19,19,0,18,19,Finished,zhou,24,ZHO,http://en.wikipedia.org/wiki/Zhou_Guanyu,Guanyu,Zhou,1999-05-30,Chinese,sauber,http://en.wikipedia.org/wiki/Sauber_Motorsport,Sauber,Swiss,1694446,+1:11.436,13,19,1:25.051,2024,23,Qatar Grand Prix,2024-12-01,losail,Losail International Circuit,Al Daayen,Qatar
11,20,20,0,19,19,Finished,perez,11,PER,http://en.wikipedia.org/wiki/Sergio_P%C3%A9rez,Sergio,Pérez,1990-01-26,Mexican,red_bull,http://en.wikipedia.org/wiki/Red_Bull_Racing,Red Bull,Austrian,1697381,+1:14.371,11,18,1:24.892,2024,23,Qatar Grand Prix,2024-12-01,losail,Losail International Circuit,Al Daayen,Qatar
44,1,1,8,1,19,Finished,hamilton,44,HAM,http://en.wikipedia.org/wiki/Lewis_Hamilton,Lewis,Hamilton,1985-01-07,British,ferrari,http://en.wikipedia.org/wiki/Scuderia_Ferrari,Ferrari,Italian,1839965,30:39.965,1,2,1:35.399,2025,2,Chinese Grand Prix,2025-03-23,shanghai,Shanghai International Circuit,Shanghai,China
81,2,2,7,3,19,Finished,piastri,81,PIA,http://en.wikipedia.org/wiki/Oscar_Piastri,Oscar,Piastri,2001-04-06,Australian,mclaren,http://en.wikipedia.org/wiki/McLaren,McLaren,British,1846854,+6.889,4,7,1:35.854,2025,2,Chinese Grand Prix,2025-03-23,shanghai,Shanghai International Circuit,Shanghai,China
1,3,3,6,2,19,Finished,max_verstappen,33,VER,http://en.wikipedia.org/wiki/Max_Verstappen,Max,Verstappen,1997-09-30,Dutch,red_bull,http://en.wikipedia.org/wiki/Red_Bull_Racing,Red Bull,Austrian,1849769,+9.804,2,2,1:35.745,2025,2,Chinese Grand Prix,2025-03-23,shanghai,Shanghai International Circuit,Shanghai,China
63,4,4,5,5,19,Finished,russell,63,RUS,http://en.wikipedia.org/wiki/George_Russell_(racing_driver),George,Russell,1998-02-15,British,mercedes,http://en.wikipedia.org/wiki/Mercedes-Benz_in_Formula_One,Mercedes,German,1851557,+11.592,5,4,1:35.891,2025,2,Chinese Grand Prix,2025-03-23,shanghai,Shanghai International Circuit,Shanghai,China
16,5,5,4,4,19,Finished,leclerc,16,LEC,http://en.wikipedia.org/wiki/Charles_Leclerc,Charles,Leclerc,1997-10-16,Monegasque,ferrari,http://en.wikipedia.org/wiki/Scuderia_Ferrari,Ferrari,Italian,1852155,+12.190,6,4,1:36.255,2025,2,Chinese Grand Prix,2025-03-23,shanghai,Shanghai International Circuit,Shanghai,China
22,6,6,3,8,19,Finished,tsunoda,22,TSU,http://en.wikipedia.org/wiki/Yuki_Tsunoda,Yuki,Tsunoda,2000-05-11,Japanese,rb,http://en.wikipedia.org/wiki/RB_Formula_One_Team,RB F1 Team,Italian,1862253,+22.288,8,4,1:36.388,2025,2,Chinese Grand Prix,2025-03-23,shanghai,Shanghai International Circuit,Shanghai,China
12,7,7,2,7,19,Finished,antonelli,12,ANT,https://en.wikipedia.org/wiki/Andrea_Kimi_Antonelli,Andrea Kimi,Antonelli,2006-08-25,Italian,mercedes,http://en.wikipedia.org/wiki/Mercedes-Benz_in_Formula_One,Mercedes,German,1863003,+23.038,7,5,1:36.311,2025,2,Chinese Grand Prix,2025-03-23,shanghai,Shanghai International Circuit,Shanghai,China
4,8,8,1,6,19,Finished,norris,4,NOR,http://en.wikipedia.org/wiki/Lando_Norris,Lando,Norris,1999-11-13,British,mclaren,http://en.wikipedia.org/wiki/McLaren,McLaren,British,1863436,+23.471,11,4,1:36.708,2025,2,Chinese Grand Prix,2025-03-23,shanghai,Shanghai International Circuit,Shanghai,China
18,9,9,0,10,19,Finished,stroll,18,STR,http://en.wikipedia.org/wiki/Lance_Stroll,Lance,Stroll,1998-10-29,Canadian,aston_martin,http://en.wikipedia.org/wiki/Aston_Martin_in_Formula_One,Aston Martin,British,1864881,+24.916,9,4,1:36.435,2025,2,Chinese Grand Prix,2025-03-23,shanghai,Shanghai International Circuit,Shanghai,China
14,10,10,0,11,19,Finished,alonso,14,ALO,http://en.wikipedia.org/wiki/Fernando_Alonso,Fernando,Alonso,1981-07-29,Spanish,aston_martin,http://en.wikipedia.org/wiki/Aston_Martin_in_Formula_One,Aston Martin,British,1878183,+38.218,12,8,1:37.058,2025,2,Chinese Grand Prix,2025-03-23,shanghai,Shanghai International Circuit,Shanghai,China
23,11,11,0,9,19,Finished,albon,23,ALB,http://en.wikipedia.org/wiki/Alexander_Albon,Alexander,Albon,1996-03-23,Thai,williams,http://en.wikipedia.org/wiki/Williams_Grand_Prix_Engineering,Williams,British,1879257,+39.292,15,7,1:37.344,2025,2,Chinese Grand Prix,2025-03-23,shanghai,Shanghai International Circuit,Shanghai,China
10,12,12,0,17,19,Finished,gasly,10,GAS,http://en.wikipedia.org/wiki/Pierre_Gasly,Pierre,Gasly,1996-02-07,French,alpine,http://en.wikipedia.org/wiki/Alpine_F1_Team,Alpine F1 Team,French,1879614,+39.649,17,3,1:37.481,2025,2,Chinese Grand Prix,2025-03-23,shanghai,Shanghai International Circuit,Shanghai,China
6,13,13,0,15,19,Finished,hadjar,6,HAD,https://en.wikipedia.org/wiki/Isack_Hadjar,Isack,Hadjar,2004-09-28,French,rb,http://en.wikipedia.org/wiki/RB_Formula_One_Team,RB F1 Team,Italian,1882365,+42.400,18,3,1:37.549,2025,2,Chinese Grand Prix,2025-03-23,shanghai,Shanghai International Circuit,Shanghai,China
30,14,14,0,19,19,Finished,lawson,30,LAW,http://en.wikipedia.org/wiki/Liam_Lawson,Liam,Lawson,2002-02-11,New Zealander,red_bull,http://en.wikipedia.org/wiki/Red_Bull_Racing,Red Bull,Austrian,1884869,+44.904,14,4,1:37.163,2025,2,Chinese Grand Prix,2025-03-23,shanghai,Shanghai International Circuit,Shanghai,China
87,15,15,0,12,19,Finished,bearman,87,BEA,http://en.wikipedia.org/wiki/Oliver_Bearman,Oliver,Bearman,2005-05-08,British,haas,http://en.wikipedia.org/wiki/Haas_F1_Team,Haas F1 Team,American,1885614,+45.649,13,3,1:37.135,2025,2,Chinese Grand Prix,2025-03-23,shanghai,Shanghai International Circuit,Shanghai,China
31,16,16,0,18,19,Finished,ocon,31,OCO,http://en.wikipedia.org/wiki/Esteban_Ocon,Esteban,Ocon,1996-09-17,French,haas,http://en.wikipedia.org/wiki/Haas_F1_Team,Haas F1 Team,American,1886147,+46.182,19,3,1:37.554,2025,2,Chinese Grand Prix,2025-03-23,shanghai,Shanghai International Circuit,Shanghai,China
55,17,17,0,13,19,Finished,sainz,55,SAI,http://en.wikipedia.org/wiki/Carlos_Sainz_Jr.,Carlos,Sainz,1994-09-01,Spanish,williams,http://en.wikipedia.org/wiki/Williams_Grand_Prix_Engineering,Williams,British,1891341,+51.376,3,13,1:35.819,2025,2,Chinese Grand Prix,2025-03-23,shanghai,Shanghai International Circuit,Shanghai,China
5,18,18,0,14,19,Finished,bortoleto,5,BOR,https://en.wikipedia.org/wiki/Gabriel_Bortoleto,Gabriel,Bortoleto,2004-10-14,Brazilian,sauber,http://en.wikipedia.org/wiki/Sauber_Motorsport,Sauber,Swiss,1893905,+53.940,16,3,1:37.475,2025,2,Chinese Grand Prix,2025-03-23,shanghai,Shanghai International Circuit,Shanghai,China
27,19,19,0,20,19,Finished,hulkenberg,27,HUL,http://en.wikipedia.org/wiki/Nico_H%C3%BClkenberg,Nico,Hülkenberg,1987-08-19,German,sauber,http://en.wikipedia.org/wiki/Sauber_Motorsport,Sauber,Swiss,1896647,+56.682,10,4,1:36.529,2025,2,Chinese Grand Prix,2025-03-23,shanghai,Shanghai International Circuit,Shanghai,China
7,20,20,0,16,19,Finished,doohan,7,DOO,http://en.wikipedia.org/wiki/Jack_Doohan,Jack,Doohan,2003-01-20,Australian,alpine,http://en.wikipedia.org/wiki/Alpine_F1_Team,Alpine F1 Team,French,1910177,+1:10.212,20,3,1:37.686,2025,2,Chinese Grand Prix,2025-03-23,shanghai,Shanghai International Circuit,Shanghai,China
4,1,1,8,3,18,Finished,norris,4,NOR,http://en.wikipedia.org/wiki/Lando_Norris,Lando,Norris,1999-11-13,British,mclaren,http://en.wikipedia.org/wiki/McLaren,McLaren,British,2197647,36:37.647,5,4,1:40.334,2025,6,Miami Grand Prix,2025-05-04,miami,Miami International Autodrome,Miami,USA
81,2,2,7,2,18,Finished,piastri,81,PIA,http://en.wikipedia.org/wiki/Oscar_Piastri,Oscar,Piastri,2001-04-06,Australian,mclaren,http://en.wikipedia.org/wiki/McLaren,McLaren,British,2198319,+0.672,4,7,1:40.238,2025,6,Miami Grand Prix,2025-05-04,miami,Miami International Autodrome,Miami,USA
44,3,3,6,7,18,Finished,hamilton,44,HAM,http://en.wikipedia.org/wiki/Lewis_Hamilton,Lewis,Hamilton,1985-01-07,British,ferrari,http://en.wikipedia.org/wiki/Scuderia_Ferrari,Ferrari,Italian,2198720,+1.073,1,13,1:36.368,2025,6,Miami Grand Prix,2025-05-04,miami,Miami International Autodrome,Miami,USA
63,4,4,5,5,18,Finished,russell,63,RUS,http://en.wikipedia.org/wiki/George_Russell_(racing_driver),George,Russell,1998-02-15,British,mercedes,http://en.wikipedia.org/wiki/Mercedes-Benz_in_Formula_One,Mercedes,German,2200774,+3.127,7,6,1:40.963,2025,6,Miami Grand Prix,2025-05-04,miami,Miami International Autodrome,Miami,USA
18,5,5,4,16,18,Finished,stroll,18,STR,http://en.wikipedia.org/wiki/Lance_Stroll,Lance,Stroll,1998-10-29,Canadian,aston_martin,http://en.wikipedia.org/wiki/Aston_Martin_in_Formula_One,Aston Martin,British,2201059,+3.412,2,13,1:36.839,2025,6,Miami Grand Prix,2025-05-04,miami,Miami International Autodrome,Miami,USA
22,6,6,3,20,18,Finished,tsunoda,22,TSU,http://en.wikipedia.org/wiki/Yuki_Tsunoda,Yuki,Tsunoda,2000-05-11,Japanese,red_bull,http://en.wikipedia.org/wiki/Red_Bull_Racing,Red Bull,Austrian,2202800,+5.153,3,13,1:38.078,2025,6,Miami Grand Prix,2025-05-04,miami,Miami International Autodrome,Miami,USA
12,7,7,2,1,18,Finished,antonelli,12,ANT,https://en.wikipedia.org/wiki/Andrea_Kimi_Antonelli,Andrea Kimi,Antonelli,2006-08-25,Italian,mercedes,http://en.wikipedia.org/wiki/Mercedes-Benz_in_Formula_One,Mercedes,German,2203282,+5.635,8,6,1:41.012,2025,6,Miami Grand Prix,2025-05-04,miami,Miami International Autodrome,Miami,USA
10,8,8,1,13,18,Finished,gasly,10,GAS,http://en.wikipedia.org/wiki/Pierre_Gasly,Pierre,Gasly,1996-02-07,French,alpine,http://en.wikipedia.org/wiki/Alpine_F1_Team,Alpine F1 Team,French,2203620,+5.973,16,7,1:42.694,2025,6,Miami Grand Prix,2025-05-04,miami,Miami International Autodrome,Miami,USA
27,9,9,0,11,18,Finished,hulkenberg,27,HUL,http://en.wikipedia.org/wiki/Nico_H%C3%BClkenberg,Nico,Hülkenberg,1987-08-19,German,sauber,http://en.wikipedia.org/wiki/Sauber_Motorsport,Sauber,Swiss,2203800,+6.153,17,5,1:42.871,2025,6,Miami Grand Prix,2025-05-04,miami,Miami International Autodrome,Miami,USA
6,10,10,0,9,18,Finished,hadjar,6,HAD,https://en.wikipedia.org/wiki/Isack_Hadjar,Isack,Hadjar,2004-09-28,French,rb,http://en.wikipedia.org/wiki/RB_Formula_One_Team,RB F1 Team,Italian,2205149,+7.502,13,6,1:42.260,2025,6,Miami Grand Prix,2025-05-04,miami,Miami International Autodrome,Miami,USA
23,11,11,0,8,18,Finished,albon,23,ALB,http://en.wikipedia.org/wiki/Alexander_Albon,Alexander,Albon,1996-03-23,Thai,williams,http://en.wikipedia.org/wiki/Williams_Grand_Prix_Engineering,Williams,British,2205169,+7.522,9,7,1:41.699,2025,6,Miami Grand Prix,2025-05-04,miami,Miami International Autodrome,Miami,USA
31,12,12,0,12,18,Finished,ocon,31,OCO,http://en.wikipedia.org/wiki/Esteban_Ocon,Esteban,Ocon,1996-09-17,French,haas,http://en.wikipedia.org/wiki/Haas_F1_Team,Haas F1 Team,American,2206645,+8.998,14,6,1:42.550,2025,6,Miami Grand Prix,2025-05-04,miami,Miami International Autodrome,Miami,USA
30,13,13,0,14,18,Finished,lawson,30,LAW,http://en.wikipedia.org/wiki/Liam_Lawson,Liam,Lawson,2002-02-11,New Zealander,rb,http://en.wikipedia.org/wiki/RB_Formula_One_Team,RB F1 Team,Italian,2206671,+9.024,11,7,1:41.922,2025,6,Miami Grand Prix,2025-05-04,miami,Miami International Autodrome,Miami,USA
87,14,14,0,19,18,Finished,bearman,87,BEA,http://en.wikipedia.org/wiki/Oliver_Bearman,Oliver,Bearman,2005-05-08,British,haas,http://en.wikipedia.org/wiki/Haas_F1_Team,Haas F1 Team,American,2206865,+9.218,12,5,1:42.237,2025,6,Miami Grand Prix,2025-05-04,miami,Miami International Autodrome,Miami,USA
5,15,15,0,18,18,Finished,bortoleto,5,BOR,https://en.wikipedia.org/wiki/Gabriel_Bortoleto,Gabriel,Bortoleto,2004-10-14,Brazilian,sauber,http://en.wikipedia.org/wiki/Sauber_Motorsport,Sauber,Swiss,2207322,+9.675,18,6,1:42.989,2025,6,Miami Grand Prix,2025-05-04,miami,Miami International Autodrome,Miami,USA
7,16,16,0,17,18,Finished,doohan,7,DOO,http://en.wikipedia.org/wiki/Jack_Doohan,Jack,Doohan,2003-01-20,Australian,alpine,http://en.wikipedia.org/wiki/Alpine_F1_Team,Alpine F1 Team,French,2207556,+9.909,19,7,1:43.076,2025,6,Miami Grand Prix,2025-05-04,miami,Miami International Autodrome,Miami,USA
1,17,17,0,4,18,Finished,max_verstappen,33,VER,http://en.wikipedia.org/wiki/Max_Verstappen,Max,Verstappen,1997-09-30,Dutch,red_bull,http://en.wikipedia.org/wiki/Red_Bull_Racing,Red Bull,Austrian,2209706,+12.059,6,5,1:40.697,2025,6,Miami Grand Prix,2025-05-04,miami,Miami International Autodrome,Miami,USA
14,18,R,0,10,13,Retired,alonso,14,ALO,http://en.wikipedia.org/wiki/Fernando_Alonso,Fernando,Alonso,1981-07-29,Spanish,aston_martin,http://en.wikipedia.org/wiki/Aston_Martin_in_Formula_One,Aston Martin,British,,,10,7,1:41.782,2025,6,Miami Grand Prix,2025-05-04,miami,Miami International Autodrome,Miami,USA
55,19,R,0,15,12,Retired,sainz,55,SAI,http://en.wikipedia.org/wiki/Carlos_Sainz_Jr.,Carlos,Sainz,1994-09-01,Spanish,williams,http://en.wikipedia.org/wiki/Williams_Grand_Prix_Engineering,Williams,British,,,15,5,1:42.638,2025,6,Miami Grand Prix,2025-05-04,miami,Miami International Autodrome,Miami,USA
16,20,R,0,6,0,Retired,leclerc,16,LEC,http://en.wikipedia.org/wiki/Charles_Leclerc,Charles,Leclerc,1997-10-16,Monegasque,ferrari,http://en.wikipedia.org/wiki/Scuderia_Ferrari,Ferrari,Italian,,,,,,2025,6,Miami Grand Prix,2025-05-04,miami,Miami International Autodrome,Miami,USA
1,1,1,8,2,15,Finished,max_verstappen,33,VER,http://en.wikipedia.org/wiki/Max_Verstappen,Max,Verstappen,1997-09-30,Dutch,red_bull,http://en.wikipedia.org/wiki/Red_Bull_Racing,Red Bull,Austrian,1597997,26:37.997,2,6,1:46.052,2025,13,Belgian Grand Prix,2025-07-27,spa,Circuit de Spa-Francorchamps,Spa,Belgium
81,2,2,7,1,15,Finished,piastri,81,PIA,http://en.wikipedia.org/wiki/Oscar_Piastri,Oscar,Piastri,2001-04-06,Australian,mclaren,http://en.wikipedia.org/wiki/McLaren,McLaren,British,1598750,+0.753,3,6,1:46.061,2025,13,Belgian Grand Prix,2025-07-27,spa,Circuit de Spa-Francorchamps,Spa,Belgium
4,3,3,6,3,15,Finished,norris,4,NOR,http://en.wikipedia.org/wiki/Lando_Norris,Lando,Norris,1999-11-13,British,mclaren,http://en.wikipedia.org/wiki/McLaren,McLaren,British,1599411,+1.414,1,6,1:45.914,2025,13,Belgian Grand Prix,2025-07-27,spa,Circuit de Spa-Francorchamps,Spa,Belgium
16,4,4,5,4,15,Finished,leclerc,16,LEC,http://en.wikipedia.org/wiki/Charles_Leclerc,Charles,Leclerc,1997-10-16,Monegasque,ferrari,http://en.wikipedia.org/wiki/Scuderia_Ferrari,Ferrari,Italian,1608173,+10.176,4,2,1:46.343,2025,13,Belgian Grand Prix,2025-07-27,spa,Circuit de Spa-Francorchamps,Spa,Belgium
31,5,5,4,5,15,Finished,ocon,31,OCO,http://en.wikipedia.org/wiki/Esteban_Ocon,Esteban,Ocon,1996-09-17,French,haas,http://en.wikipedia.org/wiki/Haas_F1_Team,Haas F1 Team,American,1611786,+13.789,7,2,1:46.772,2025,13,Belgian Grand Prix,2025-07-27,spa,Circuit de Spa-Francorchamps,Spa,Belgium
55,6,6,3,6,15,Finished,sainz,55,SAI,http://en.wikipedia.org/wiki/Carlos_Sainz_Jr.,Carlos,Sainz,1994-09-01,Spanish,williams,http://en.wikipedia.org/wiki/Williams_Grand_Prix_Engineering,Williams,British,1612961,+14.964,6,7,1:46.770,2025,13,Belgian Grand Prix,2025-07-27,spa,Circuit de Spa-Francorchamps,Spa,Belgium
87,7,7,2,7,15,Finished,bearman,87,BEA,http://en.wikipedia.org/wiki/Oliver_Bearman,Oliver,Bearman,2005-05-08,British,haas,http://en.wikipedia.org/wiki/Haas_F1_Team,Haas F1 Team,American,1616607,+18.610,9,2,1:47.038,2025,13,Belgian Grand Prix,2025-07-27,spa,Circuit de Spa-Francorchamps,Spa,Belgium
6,8,8,1,9,15,Finished,hadjar,6,HAD,https://en.wikipedia.org/wiki/Isack_Hadjar,Isack,Hadjar,2004-09-28,French,rb,http://en.wikipedia.org/wiki/RB_Formula_One_Team,RB F1 Team,Italian,1617116,+19.119,8,2,1:46.973,2025,13,Belgian Grand Prix,2025-07-27,spa,Circuit de Spa-Francorchamps,Spa,Belgium
5,9,9,0,10,15,Finished,bortoleto,5,BOR,https://en.wikipedia.org/wiki/Gabriel_Bortoleto,Gabriel,Bortoleto,2004-10-14,Brazilian,sauber,http://en.wikipedia.org/wiki/Sauber_Motorsport,Sauber,Swiss,1620180,+22.183,10,2,1:47.086,2025,13,Belgian Grand Prix,2025-07-27,spa,Circuit de Spa-Francorchamps,Spa,Belgium
30,10,10,0,11,15,Finished,lawson,30,LAW,http://en.wikipedia.org/wiki/Liam_Lawson,Liam,Lawson,2002-02-11,New Zealander,rb,http://en.wikipedia.org/wiki/RB_Formula_One_Team,RB F1 Team,Italian,1620894,+22.897,12,2,1:47.249,2025,13,Belgian Grand Prix,2025-07-27,spa,Circuit de Spa-Francorchamps,Spa,Belgium
22,11,11,0,12,15,Finished,tsunoda,22,TSU,http://en.wikipedia.org/wiki/Yuki_Tsunoda,Yuki,Tsunoda,2000-05-11,Japanese,red_bull,http://en.wikipedia.org/wiki/Red_Bull_Racing,Red Bull,Austrian,1622548,+24.551,15,4,1:47.326,2025,13,Belgian Grand Prix,2025-07-27,spa,Circuit de Spa-Francorchamps,Spa,Belgium
63,12,12,0,13,15,Finished,russell,63,RUS,http://en.wikipedia.org/wiki/George_Russell_(racing_driver),George,Russell,1998-02-15,British,mercedes,http://en.wikipedia.org/wiki/Mercedes-Benz_in_Formula_One,Mercedes,German,1623966,+25.969,13,4,1:47.278,2025,13,Belgian Grand Prix,2025-07-27,spa,Circuit de Spa-Francorchamps,Spa,Belgium
18,13,13,0,15,15,Finished,stroll,18,STR,http://en.wikipedia.org/wiki/Lance_Stroll,Lance,Stroll,1998-10-29,Canadian,aston_martin,http://en.wikipedia.org/wiki/Aston_Martin_in_Formula_One,Aston Martin,British,1624592,+26.595,14,5,1:47.307,2025,13,Belgian Grand Prix,2025-07-27,spa,Circuit de Spa-Francorchamps,Spa,Belgium
14,14,14,0,14,15,Finished,alonso,14,ALO,http://en.wikipedia.org/wiki/Fernando_Alonso,Fernando,Alonso,1981-07-29,Spanish,aston_martin,http://en.wikipedia.org/wiki/Aston_Martin_in_Formula_One,Aston Martin,British,1627043,+29.046,17,5,1:47.444,2025,13,Belgian Grand Prix,2025-07-27,spa,Circuit de Spa-Francorchamps,Spa,Belgium
44,15,15,0,18,15,Finished,hamilton,44,HAM,http://en.wikipedia.org/wiki/Lewis_Hamilton,Lewis,Hamilton,1985-01-07,British,ferrari,http://en.wikipedia.org/wiki/Scuderia_Ferrari,Ferrari,Italian,1628172,+30.175,11,4,1:47.201,2025,13,Belgian Grand Prix,2025-07-27,spa,Circuit de Spa-Francorchamps,Spa,Belgium
23,16,16,0,16,15,Finished,albon,23,ALB,http://en.wikipedia.org/wiki/Alexander_Albon,Alexander,Albon,1996-03-23,Thai,williams,http://en.wikipedia.org/wiki/Williams_Grand_Prix_Engineering,Williams,British,1628938,+30.941,16,6,1:47.419,2025,13,Belgian Grand Prix,2025-07-27,spa,Circuit de Spa-Francorchamps,Spa,Belgium
12,17,17,0,19,15,Finished,antonelli,12,ANT,https://en.wikipedia.org/wiki/Andrea_Kimi_Antonelli,Andrea Kimi,Antonelli,2006-08-25,Italian,mercedes,http://en.wikipedia.org/wiki/Mercedes-Benz_in_Formula_One,Mercedes,German,1629978,+31.981,5,5,1:46.698,2025,13,Belgian Grand Prix,2025-07-27,spa,Circuit de Spa-Francorchamps,Spa,Belgium
27,18,18,0,17,15,Finished,hulkenberg,27,HUL,http://en.wikipedia.org/wiki/Nico_H%C3%BClkenberg,Nico,Hülkenberg,1987-08-19,German,sauber,http://en.wikipedia.org/wiki/Sauber_Motorsport,Sauber,Swiss,1630864,+32.867,18,8,1:47.575,2025,13,Belgian Grand Prix,2025-07-27,spa,Circuit de Spa-Francorchamps,Spa,Belgium
43,19,19,0,20,15,Finished,colapinto,43,COL,http://en.wikipedia.org/wiki/Franco_Colapinto,Franco,Colapinto,2003-05-27,Argentine,alpine,http://en.wikipedia.org/wiki/Alpine_F1_Team,Alpine F1 Team,French,1636069,+38.072,20,15,1:47.944,2025,13,Belgian Grand Prix,2025-07-27,spa,Circuit de Spa-Francorchamps,Spa,Belgium
10,20,R,0,8,12,Retired,gasly,10,GAS,http://en.wikipedia.org/wiki/Pierre_Gasly,Pierre,Gasly,1996-02-07,French,alpine,http://en.wikipedia.org/wiki/Alpine_F1_Team,Alpine F1 Team,French,,,19,6,1:47.651,2025,13,Belgian Grand Prix,2025-07-27,spa,Circuit de Spa-Francorchamps,Spa,Belgium
1,1,1,8,1,19,Finished,max_verstappen,33,VER,http://en.wikipedia.org/wiki/Max_Verstappen,Max,Verstappen,1997-09-30,Dutch,red_bull,http://en.wikipedia.org/wiki/Red_Bull_Racing,Red Bull,Austrian,2278229,37:58.229,1,7,1:36.527,2025,19,United States Grand Prix,2025-10-19,americas,Circuit of the Americas,Austin,USA
63,2,2,7,5,19,Finished,russell,63,RUS,http://en.wikipedia.org/wiki/George_Russell_(racing_driver),George,Russell,1998-02-15,British,mercedes,http://en.wikipedia.org/wiki/Mercedes-Benz_in_Formula_One,Mercedes,German,2278624,+0.395,2,6,1:36.876,2025,19,United States Grand Prix,2025-10-19,americas,Circuit of the Americas,Austin,USA
55,3,3,6,7,19,Finished,sainz,55,SAI,http://en.wikipedia.org/wiki/Carlos_Sainz_Jr.,Carlos,Sainz,1994-09-01,Spanish,williams,http://en.wikipedia.org/wiki/Williams_Grand_Prix_Engineering,Williams,British,2279020,+0.791,5,6,1:37.510,2025,19,United States Grand Prix,2025-10-19,americas,Circuit of the Americas,Austin,USA
44,4,4,5,8,19,Finished,hamilton,44,HAM,http://en.wikipedia.org/wiki/Lewis_Hamilton,Lewis,Hamilton,1985-01-07,British,ferrari,http://en.wikipedia.org/wiki/Scuderia_Ferrari,Ferrari,Italian,2279453,+1.224,3,10,1:37.096,2025,19,United States Grand Prix,2025-10-19,americas,Circuit of the Americas,Austin,USA
16,5,5,4,10,19,Finished,leclerc,16,LEC,http://en.wikipedia.org/wiki/Charles_Leclerc,Charles,Leclerc,1997-10-16,Monegasque,ferrari,http://en.wikipedia.org/wiki/Scuderia_Ferrari,Ferrari,Italian,2280054,+1.825,4,7,1:37.391,2025,19,United States Grand Prix,2025-10-19,americas,Circuit of the Americas,Austin,USA
23,6,6,3,9,19,Finished,albon,23,ALB,http://en.wikipedia.org/wiki/Alexander_Albon,Alexander,Albon,1996-03-23,Thai,williams,http://en.wikipedia.org/wiki/Williams_Grand_Prix_Engineering,Williams,British,2280805,+2.576,7,7,1:38.220,2025,19,United States Grand Prix,2025-10-19,americas,Circuit of the Americas,Austin,USA
22,7,7,2,18,19,Finished,tsunoda,22,TSU,http://en.wikipedia.org/wiki/Yuki_Tsunoda,Yuki,Tsunoda,2000-05-11,Japanese,red_bull,http://en.wikipedia.org/wiki/Red_Bull_Racing,Red Bull,Austrian,2281205,+2.976,8,15,1:38.268,2025,19,United States Grand Prix,2025-10-19,americas,Circuit of the Americas,Austin,USA
12,8,8,1,11,19,Finished,antonelli,12,ANT,https://en.wikipedia.org/wiki/Andrea_Kimi_Antonelli,Andrea Kimi,Antonelli,2006-08-25,Italian,mercedes,http://en.wikipedia.org/wiki/Mercedes-Benz_in_Formula_One,Mercedes,German,2282376,+4.147,6,8,1:37.758,2025,19,United States Grand Prix,2025-10-19,americas,Circuit of the Americas,Austin,USA
30,9,9,0,15,19,Finished,lawson,30,LAW,http://en.wikipedia.org/wiki/Liam_Lawson,Liam,Lawson,2002-02-11,New Zealander,rb,http://en.wikipedia.org/wiki/RB_Formula_One_Team,RB F1 Team,Italian,2283033,+4.804,10,10,1:38.654,2025,19,United States Grand Prix,2025-10-19,americas,Circuit of the Americas,Austin,USA
10,10,10,0,13,19,Finished,gasly,10,GAS,http://en.wikipedia.org/wiki/Pierre_Gasly,Pierre,Gasly,1996-02-07,French,alpine,http://en.wikipedia.org/wiki/Alpine_F1_Team,Alpine F1 Team,French,2283355,+5.126,13,7,1:38.932,2025,19,United States Grand Prix,2025-10-19,americas,Circuit of the Americas,Austin,USA
5,11,11,0,20,19,Finished,bortoleto,5,BOR,https://en.wikipedia.org/wiki/Gabriel_Bortoleto,Gabriel,Bortoleto,2004-10-14,Brazilian,sauber,http://en.wikipedia.org/wiki/Sauber_Motorsport,Sauber,Swiss,2283878,+5.649,14,8,1:39.006,2025,19,United States Grand Prix,2025-10-19,americas,Circuit of the Americas,Austin,USA
6,12,12,0,12,19,Finished,hadjar,6,HAD,https://en.wikipedia.org/wiki/Isack_Hadjar,Isack,Hadjar,2004-09-28,French,rb,http://en.wikipedia.org/wiki/RB_Formula_One_Team,RB F1 Team,Italian,2284457,+6.228,15,8,1:39.057,2025,19,United States Grand Prix,2025-10-19,americas,Circuit of the Americas,Austin,USA
27,13,13,0,4,19,Finished,hulkenberg,27,HUL,http://en.wikipedia.org/wiki/Nico_H%C3%BClkenberg,Nico,Hülkenberg,1987-08-19,German,sauber,http://en.wikipedia.org/wiki/Sauber_Motorsport,Sauber,Swiss,2284853,+6.624,16,14,1:39.069,2025,19,United States Grand Prix,2025-10-19,americas,Circuit of the Americas,Austin,USA
43,14,14,0,17,19,Finished,colapinto,43,COL,http://en.wikipedia.org/wiki/Franco_Colapinto,Franco,Colapinto,2003-05-27,Argentine,alpine,http://en.wikipedia.org/wiki/Alpine_F1_Team,Alpine F1 Team,French,2286235,+8.006,17,10,1:39.235,2025,19,United States Grand Prix,2025-10-19,americas,Circuit of the Americas,Austin,USA
87,15,15,0,16,19,Finished,bearman,87,BEA,http://en.wikipedia.org/wiki/Oliver_Bearman,Oliver,Bearman,2005-05-08,British,haas,http://en.wikipedia.org/wiki/Haas_F1_Team,Haas F1 Team,American,2291805,+13.576,9,8,1:38.435,2025,19,United States Grand Prix,2025-10-19,americas,Circuit of the Americas,Austin,USA
31,16,R,0,19,15,Retired,ocon,31,OCO,http://en.wikipedia.org/wiki/Esteban_Ocon,Esteban,Ocon,1996-09-17,French,haas,http://en.wikipedia.org/wiki/Haas_F1_Team,Haas F1 Team,American,,,11,7,1:38.701,2025,19,United States Grand Prix,2025-10-19,americas,Circuit of the Americas,Austin,USA
18,17,R,0,14,15,Retired,stroll,18,STR,http://en.wikipedia.org/wiki/Lance_Stroll,Lance,Stroll,1998-10-29,Canadian,aston_martin,http://en.wikipedia.org/wiki/Aston_Martin_in_Formula_One,Aston Martin,British,,,12,8,1:38.766,2025,19,United States Grand Prix,2025-10-19,americas,Circuit of the Americas,Austin,USA
4,18,R,0,2,0,Retired,norris,4,NOR,http://en.wikipedia.org/wiki/Lando_Norris,Lando,Norris,1999-11-13,British,mclaren,http://en.wikipedia.org/wiki/McLaren,McLaren,British,,,,,,2025,19,United States Grand Prix,2025-10-19,americas,Circuit of the Americas,Austin,USA
81,19,R,0,3,0,Retired,piastri,81,PIA,http://en.wikipedia.org/wiki/Oscar_Piastri,Oscar,Piastri,2001-04-06,Australian,mclaren,http://en.wikipedia.org/wiki/McLaren,McLaren,British,,,,,,2025,19,United States Grand Prix,2025-10-19,americas,Circuit of the Americas,Austin,USA
14,20,R,0,6,0,Retired,alonso,14,ALO,http://en.wikipedia.org/wiki/Fernando_Alonso,Fernando,Alonso,1981-07-29,Spanish,aston_martin,http://en.wikipedia.org/wiki/Aston_Martin_in_Formula_One,Aston Martin,British,,,,,,2025,19,United States Grand Prix,2025-10-19,americas,Circuit of the Americas,Austin,USA
